latitude,longitude,area_sqft,bedrooms,bathrooms,floors,house_age,parking_available,balcony_count,property_type,furnishing_status,distance_school,distance_hospital,distance_shopping,distance_transport,distance_park,price
12.933962,77.729814,1630.0,3,4,3,0,0,1,1,1,0.38,3.1,2.39,1.12,2.99,103.85
13.119263,77.629844,3885.0,4,4,3,4,1,0,1,1,0.52,1.83,4.26,0.49,4.29,212.76
13.079582,77.648692,3388.0,5,6,2,2,1,0,0,2,0.9,1.53,3.23,0.13,2.6,201.8
13.020357,77.538113,3961.0,4,4,2,4,1,1,0,1,1.76,1.41,2.75,0.69,3.45,242.37
13.045796,77.606508,1291.0,2,3,1,2,0,0,0,0,0.86,1.59,1.88,0.11,0.42,81.0
13.058653,77.626388,4061.0,4,4,1,3,0,0,0,0,0.67,2.99,3.37,1.85,0.84,195.4
13.035573,77.672836,3789.0,4,4,2,0,0,1,0,0,2.91,2.07,3.15,1.05,0.35,205.65
12.983552,77.505518,3072.0,5,6,2,13,1,2,0,0,2.15,1.28,5.48,0.72,1.85,140.71
12.917001,77.477616,1900.0,3,3,1,2,1,0,1,0,1.0,3.17,2.67,0.32,0.38,115.7
12.989031,77.565751,2353.0,4,4,3,9,1,0,3,2,0.57,6.0,1.5,0.13,0.62,202.54
13.025812,77.60388,3277.0,5,5,3,2,0,2,3,0,1.4,2.12,2.3,0.18,2.0,277.97
12.877556,77.456833,1159.0,2,3,1,5,1,1,0,0,0.43,3.58,3.61,2.31,0.35,52.69
12.855642,77.722008,3869.0,5,6,1,6,0,1,0,1,2.93,5.35,4.64,0.43,0.63,172.98
13.090733,77.710726,3691.0,4,5,2,8,0,1,2,2,3.58,7.28,3.34,0.39,0.86,169.69
13.119937,77.497378,2103.0,3,4,1,10,0,2,0,1,1.14,3.02,4.76,0.33,1.09,86.37
12.967623,77.71643,2574.0,3,4,3,5,1,0,1,1,0.6,1.36,3.85,0.26,3.02,167.1
13.096059,77.555648,2268.0,4,4,2,26,0,2,3,1,0.78,4.3,2.86,0.25,1.01,97.0
13.030409,77.615618,4363.0,4,5,1,2,1,1,0,1,0.38,2.54,2.49,0.38,0.74,264.04
13.005054,77.469078,3450.0,4,5,2,12,0,2,1,1,0.77,1.56,3.67,0.13,0.83,162.27
12.907562,77.62185,3913.0,4,5,1,3,0,2,0,0,4.23,1.69,4.48,0.27,0.73,225.45
12.863106,77.484424,869.0,1,1,1,4,1,0,1,1,0.3,1.74,8.46,1.55,1.39,46.57
12.873588,77.491531,3349.0,4,5,2,8,1,1,0,0,0.89,3.52,2.43,0.77,0.37,135.94
12.924164,77.47214,3618.0,5,5,1,0,1,1,0,2,0.43,2.28,3.06,0.87,1.21,213.32
12.933984,77.632358,2989.0,4,5,3,23,1,2,1,1,2.14,2.28,2.41,0.21,1.87,126.69
13.009382,77.690728,1691.0,3,4,2,3,1,0,3,0,0.69,2.72,2.56,1.02,0.62,123.76
12.970411,77.652467,2149.0,3,4,1,13,0,1,1,2,1.87,3.09,9.32,0.53,0.67,129.37
12.923841,77.723827,536.0,1,1,1,10,0,0,0,1,2.99,2.55,5.4,0.41,2.46,23.83
12.824851,77.716215,575.0,1,1,1,9,1,1,0,2,1.4,2.99,3.77,0.42,1.32,26.31
13.059074,77.681485,2656.0,4,4,3,4,0,2,3,2,0.35,1.59,4.61,0.87,0.31,199.97
13.031891,77.466429,3493.0,4,4,1,6,1,2,2,0,0.52,5.12,3.93,0.44,1.43,164.85
12.934996,77.656125,1213.0,5,5,2,4,1,1,3,0,1.95,3.38,3.63,1.01,0.47,110.08
12.964914,77.469467,1428.0,2,3,3,6,0,1,0,2,3.3,5.13,2.56,1.05,0.28,71.7
12.886643,77.532948,4084.0,5,5,1,19,0,3,1,1,0.8,1.33,2.47,0.25,1.24,154.86
12.890418,77.524381,1368.0,4,4,2,2,1,1,3,2,0.58,1.4,1.91,2.36,0.74,130.75
13.097353,77.469425,1297.0,2,2,1,12,1,1,2,0,0.77,4.02,3.82,1.51,1.04,44.39
12.832647,77.484756,904.0,2,2,1,6,1,2,0,2,1.26,3.89,5.47,0.48,0.48,46.38
12.897033,77.52702,4343.0,5,6,1,0,1,2,0,1,1.98,2.21,5.1,0.74,1.02,276.89
12.942645,77.484805,3874.0,5,6,2,18,1,2,0,1,1.32,2.75,3.31,0.18,1.5,130.21
12.956873,77.717741,1041.0,2,2,1,1,1,3,1,2,0.56,2.27,9.06,0.64,0.6,81.97
12.893644,77.467359,1260.0,2,2,1,8,0,0,0,1,2.93,2.59,4.43,0.25,0.41,54.13
12.872281,77.528177,4400.0,4,4,1,17,0,0,0,1,0.67,1.46,3.16,1.03,0.92,133.83
12.934786,77.445379,3351.0,4,5,1,3,1,1,2,1,0.75,2.6,4.98,0.13,0.49,183.35
13.090162,77.598103,2274.0,3,4,1,2,0,1,0,2,0.22,1.9,2.41,0.42,0.33,142.53
12.999678,77.648331,566.0,1,1,3,10,1,0,1,1,0.88,0.87,1.59,0.46,1.24,37.45
12.928429,77.740555,4312.0,3,4,3,2,0,0,3,0,0.6,1.94,6.57,0.17,0.94,269.51
13.116314,77.478212,3893.0,4,5,2,2,1,0,1,2,3.38,3.26,4.59,0.36,1.67,212.63
12.918704,77.572231,724.0,1,1,1,7,0,1,1,1,1.05,4.67,1.65,0.82,0.66,48.01
12.986181,77.609277,3445.0,4,4,1,11,1,1,0,2,0.84,0.87,5.12,1.52,3.55,183.2
13.04086,77.726102,3135.0,5,6,1,12,1,2,0,2,2.13,4.24,2.8,0.32,1.2,140.18
12.916459,77.621092,2949.0,5,6,1,2,1,2,2,1,0.52,4.12,1.89,0.73,2.57,215.9
12.856669,77.72655,2938.0,5,5,3,7,1,1,1,1,2.06,2.16,3.55,0.33,1.56,143.71
12.992567,77.673338,2158.0,3,3,3,3,1,1,1,0,1.04,2.05,2.53,0.52,1.68,138.02
13.001133,77.614253,1293.0,2,2,3,3,1,1,0,1,0.61,1.82,4.96,0.22,0.31,86.71
13.039429,77.622489,3551.0,5,5,3,1,1,1,1,1,0.86,2.81,6.12,2.18,0.8,247.08
13.117052,77.696269,1705.0,3,4,1,7,0,1,2,1,0.69,4.39,2.94,0.42,0.71,81.69
13.097557,77.548504,3781.0,5,5,1,19,1,1,0,2,0.42,1.54,2.9,1.31,0.53,111.15
12.885404,77.599152,1348.0,4,5,3,6,0,0,3,0,0.65,1.72,2.44,1.39,0.63,104.02
13.009093,77.557918,3715.0,5,5,3,6,1,1,1,0,1.02,2.75,1.06,0.43,0.28,258.07
12.903291,77.713829,2709.0,3,4,2,16,1,1,0,0,0.55,1.83,3.52,0.82,0.61,87.11
13.087838,77.611616,1787.0,3,4,1,13,1,3,0,0,0.38,2.09,2.66,0.17,1.2,75.25
13.076038,77.481433,1414.0,2,3,1,13,0,1,1,1,0.77,3.03,3.09,0.88,0.73,62.44
12.952438,77.53294,2023.0,3,4,3,5,1,2,3,1,0.86,0.74,1.62,0.72,1.2,171.67
12.863407,77.695079,2551.0,3,4,1,0,0,3,0,2,1.23,2.1,3.89,0.94,1.97,144.61
12.824899,77.485666,4396.0,5,6,1,5,1,1,0,1,0.82,4.22,4.01,0.45,3.39,182.45
12.848701,77.675896,528.0,1,1,1,3,1,0,0,0,1.33,6.1,3.35,2.56,0.35,27.13
12.902573,77.606553,4038.0,5,5,1,1,1,2,1,0,0.71,1.43,2.13,1.08,1.11,280.53
12.84438,77.46793,607.0,1,1,2,0,0,0,1,0,3.19,2.19,8.36,0.57,0.4,34.77
13.083484,77.664267,3208.0,5,6,1,18,1,2,1,1,0.26,3.12,2.26,0.81,6.0,123.24
12.963563,77.538456,834.0,1,1,2,4,1,0,1,0,2.58,3.41,1.61,1.51,0.24,55.12
12.890603,77.48077,1621.0,3,4,2,0,1,1,2,1,2.08,2.1,4.06,1.84,1.16,98.85
12.82892,77.70563,2961.0,5,6,2,0,0,0,0,0,0.31,2.05,4.16,0.8,0.52,146.96
12.84911,77.545511,839.0,1,1,3,5,0,1,1,0,0.62,1.86,2.27,0.11,4.6,45.37
12.936898,77.648494,3711.0,3,3,3,4,1,2,3,1,0.96,2.13,1.38,3.88,0.46,311.9
13.016494,77.626921,4064.0,4,5,1,25,1,2,0,0,1.39,0.98,2.23,0.83,0.94,129.1
12.976174,77.591956,3716.0,5,5,1,6,1,1,0,2,0.32,3.21,0.64,0.21,2.4,279.42
13.080238,77.687455,539.0,4,5,3,3,1,1,3,1,1.02,1.7,2.81,1.02,0.28,61.66
12.970144,77.588776,2896.0,4,5,2,15,1,2,3,1,2.63,0.49,0.41,0.24,0.61,203.04
13.100627,77.47635,4238.0,4,4,2,5,0,2,1,0,2.26,2.31,7.19,0.1,1.01,202.37
12.899206,77.50254,2048.0,3,3,3,3,1,0,1,2,0.36,1.78,1.96,0.55,2.03,141.33
12.875449,77.67071,777.0,4,5,2,1,1,2,3,1,0.97,1.44,2.17,1.63,4.82,85.12
12.955387,77.638872,1447.0,2,2,1,3,1,1,1,0,1.58,1.4,1.34,4.78,0.76,101.64
12.870687,77.683043,2704.0,3,3,1,8,1,1,0,2,0.4,2.33,7.39,0.54,1.22,127.21
12.903865,77.739793,3828.0,5,5,1,16,1,2,0,1,0.97,2.92,2.93,0.28,0.3,118.6
12.957708,77.603706,2746.0,3,3,2,7,1,2,1,0,0.35,0.38,2.36,0.55,0.42,189.41
12.840863,77.619191,616.0,1,1,1,1,0,0,1,1,0.8,2.46,3.87,0.38,1.39,42.35
13.055555,77.456486,713.0,1,1,1,6,1,0,1,0,1.36,3.58,4.12,0.11,0.6,36.86
12.84796,77.549788,3136.0,5,6,1,9,0,2,0,1,0.42,1.62,4.01,1.08,0.23,144.06
12.837191,77.606989,3941.0,4,5,3,7,1,1,3,2,1.17,2.87,5.01,0.62,0.24,256.13
12.953182,77.662048,3583.0,4,4,1,29,0,1,0,0,2.07,2.37,2.38,0.75,1.47,106.67
13.1205,77.737038,4214.0,4,4,1,1,0,2,0,1,4.09,3.07,6.77,0.89,1.53,184.04
12.973053,77.60759,3494.0,4,5,2,7,1,2,1,1,6.01,0.64,1.01,0.49,0.83,280.11
12.892338,77.6774,2647.0,4,5,3,1,1,2,3,0,0.54,4.33,2.95,0.68,0.65,209.61
12.870657,77.561924,2540.0,3,3,1,11,1,0,0,2,0.93,1.58,1.9,0.25,0.93,116.07
13.070265,77.573866,3847.0,4,5,2,1,1,0,1,2,1.51,2.09,5.03,1.41,1.08,279.71
12.883352,77.478176,4453.0,3,4,3,0,1,0,3,0,3.46,2.17,3.67,0.13,0.36,315.53
13.111136,77.446082,716.0,1,1,3,2,1,0,1,2,1.52,2.46,3.41,0.39,1.42,39.47
13.02363,77.735574,628.0,1,1,2,16,0,1,1,0,1.5,7.4,3.29,0.11,0.48,24.37
13.080983,77.675156,1486.0,3,3,2,22,1,2,3,1,1.23,2.14,2.56,0.84,0.58,64.72
13.119601,77.670328,4328.0,5,6,1,11,1,3,1,1,2.98,4.99,3.45,1.73,0.67,176.37
13.016322,77.543114,3636.0,4,4,1,4,0,1,0,1,0.51,0.86,2.79,0.98,1.17,218.24
12.935536,77.7036,3363.0,4,5,1,1,0,1,2,2,0.98,2.0,3.31,1.2,1.46,211.62
13.068318,77.573859,835.0,1,1,1,8,0,0,1,2,3.47,1.75,1.84,0.63,0.5,49.68
12.913787,77.685508,2838.0,5,6,2,2,0,1,1,0,0.44,2.89,2.12,0.7,1.43,183.28
12.991794,77.521569,535.0,1,1,1,13,0,1,0,0,1.4,5.36,2.89,1.47,2.36,22.21
12.885213,77.627894,2925.0,5,6,1,2,1,1,0,2,2.49,2.7,4.52,1.26,0.36,185.64
12.867495,77.515171,3679.0,4,5,1,8,1,2,2,0,0.52,2.19,3.79,0.65,4.61,161.99
13.030143,77.565896,3945.0,4,4,1,13,0,2,0,1,3.03,2.94,1.64,0.93,1.11,171.03
12.931687,77.547668,3546.0,5,6,2,2,1,1,0,1,1.46,1.82,1.72,0.42,1.31,244.34
13.020152,77.611935,2901.0,5,6,1,26,1,2,0,1,0.42,1.36,1.85,1.48,0.2,101.93
13.115971,77.587066,4113.0,5,6,3,20,1,1,0,1,1.08,3.07,2.58,1.23,0.34,111.35
13.056208,77.657223,4225.0,4,5,1,3,1,1,0,0,2.29,1.65,6.88,1.75,0.38,213.79
12.993976,77.614573,743.0,1,1,1,0,1,1,0,2,1.55,1.47,2.8,0.22,0.44,62.93
12.918358,77.451468,3406.0,5,6,2,13,1,0,1,1,3.27,2.66,4.17,1.26,0.39,142.64
12.941199,77.488512,3688.0,5,5,1,0,0,2,0,1,1.28,5.33,5.56,0.36,2.11,213.0
12.826906,77.625366,3210.0,4,5,1,0,0,3,0,0,1.63,7.82,2.96,0.22,0.33,163.47
12.851914,77.652248,3311.0,5,5,1,7,1,1,1,1,1.1,2.3,2.46,1.84,0.8,171.62
12.931928,77.568839,2049.0,3,3,1,4,0,1,0,1,0.56,2.66,1.05,0.71,0.44,128.83
12.89396,77.737362,2885.0,4,4,1,8,0,1,0,0,0.39,1.98,6.26,0.32,1.25,119.75
13.005824,77.70247,3101.0,4,5,1,8,1,3,1,2,0.3,1.72,6.64,0.33,1.72,194.83
12.970236,77.560505,3273.0,5,5,1,1,1,2,1,1,1.57,0.43,0.71,1.11,0.27,268.41
12.825233,77.73155,2824.0,5,5,3,22,0,2,0,1,0.84,3.4,6.5,0.16,0.75,67.88
12.975997,77.71427,4219.0,5,5,2,0,0,1,1,1,0.29,6.12,3.12,1.91,0.59,263.42
12.963901,77.478787,1280.0,2,3,2,1,1,1,1,1,0.51,1.96,2.91,0.56,1.15,97.08
12.893808,77.48105,3859.0,4,4,1,3,0,2,0,0,1.14,3.02,2.71,3.17,1.58,175.73
12.875778,77.460757,755.0,1,1,2,6,0,0,1,2,0.37,3.74,5.76,0.29,0.9,42.93
13.04144,77.607271,2224.0,3,4,3,1,1,0,1,1,2.72,1.64,1.5,0.75,1.87,182.44
13.086035,77.527971,2006.0,3,3,1,10,1,2,0,2,1.6,2.17,3.59,0.69,2.08,97.64
13.071404,77.447909,2156.0,5,6,2,14,1,1,3,1,0.36,2.67,4.76,1.31,0.44,99.86
13.020513,77.445164,1370.0,2,3,1,3,1,1,0,1,1.06,3.64,2.76,0.3,1.41,69.5
12.967579,77.624411,2438.0,3,3,1,1,1,2,0,2,5.02,0.68,3.63,0.69,0.67,181.88
13.042252,77.515357,1330.0,2,2,2,10,0,1,0,1,1.42,2.19,2.1,1.03,4.92,60.72
13.043596,77.729694,1336.0,2,3,1,9,1,1,0,1,1.64,5.65,5.25,0.15,2.12,58.69
12.934674,77.58312,2503.0,3,3,2,7,1,0,2,1,3.08,2.7,0.66,0.15,0.46,155.89
12.941251,77.721387,1484.0,4,5,3,2,1,1,3,0,0.54,1.89,4.69,0.58,1.7,116.96
12.967871,77.454684,3143.0,4,5,2,4,1,1,1,1,0.23,3.15,8.23,0.76,2.96,179.35
12.947238,77.522647,1836.0,3,3,1,1,1,1,0,2,4.49,2.23,2.01,0.2,0.36,126.71
12.89689,77.699785,3562.0,4,5,2,6,1,2,1,2,1.34,1.8,5.49,0.55,0.35,219.74
12.886427,77.473869,3715.0,5,6,1,5,1,2,0,1,0.26,3.93,2.83,0.34,0.38,179.24
13.048625,77.600416,2923.0,5,6,1,23,1,1,0,1,1.18,2.06,1.47,0.44,0.53,103.65
13.061103,77.55618,2314.0,3,3,1,1,0,0,2,1,0.73,3.2,2.2,0.4,1.23,144.25
13.090687,77.600657,3375.0,4,5,3,3,0,2,1,1,1.05,2.69,2.05,0.46,1.52,220.59
12.915549,77.684178,2913.0,5,5,1,27,1,1,0,2,1.52,2.66,2.06,1.81,0.76,91.37
12.825382,77.612527,2900.0,5,6,1,29,0,1,0,2,3.2,1.81,5.02,3.64,2.52,86.07
12.915818,77.520897,1481.0,2,3,1,0,1,0,2,1,0.85,4.55,3.94,0.27,1.15,102.67
12.994775,77.666021,3167.0,4,4,1,9,1,1,0,2,0.29,1.1,4.71,0.31,2.01,172.85
13.014465,77.652845,2444.0,3,3,1,2,1,2,0,1,2.66,2.97,3.98,0.97,0.5,159.96
13.02282,77.612732,4174.0,5,6,1,1,1,1,0,1,0.98,0.63,1.89,0.12,3.59,276.31
13.033906,77.736433,3446.0,5,5,3,7,1,1,1,2,1.11,3.2,3.6,0.3,0.33,185.36
12.900595,77.458437,3220.0,4,4,1,2,0,2,0,1,3.0,4.54,4.49,0.82,2.43,158.95
12.845291,77.516453,3428.0,4,5,2,6,0,2,0,1,0.5,2.65,4.87,0.7,0.23,163.69
12.841006,77.731347,1531.0,2,3,2,4,1,2,1,1,2.88,2.95,4.79,0.9,1.1,83.4
12.89283,77.598309,3087.0,4,5,1,2,1,1,0,1,0.58,1.66,5.31,0.1,0.24,194.96
13.093814,77.516257,861.0,3,3,3,5,1,1,3,1,1.27,2.76,5.87,0.14,1.99,72.2
12.907072,77.583456,4328.0,4,5,2,2,0,2,1,1,2.25,1.87,4.91,0.78,0.23,318.62
12.835056,77.579779,2674.0,3,4,2,17,0,2,0,1,1.55,2.05,4.57,2.56,1.48,84.46
12.822231,77.659872,2978.0,5,6,1,3,0,1,0,1,0.35,2.62,5.21,0.16,0.28,150.42
13.104118,77.645172,604.0,1,1,1,0,0,1,1,2,0.35,1.82,2.7,0.91,1.55,43.48
13.070305,77.741979,2805.0,4,4,1,6,0,0,0,1,1.18,2.57,5.26,0.95,2.07,123.99
12.950579,77.64649,874.0,1,1,2,4,0,1,1,2,0.92,1.91,3.48,0.18,2.4,63.42
12.932616,77.452826,1903.0,3,4,1,8,1,0,1,1,3.72,2.22,3.71,0.48,0.21,101.98
13.059116,77.623397,3428.0,5,6,2,4,0,2,1,1,1.0,1.06,2.8,2.76,0.68,217.19
12.830887,77.560996,1757.0,3,3,1,2,0,3,0,1,3.95,2.17,6.36,0.84,1.95,102.02
12.908122,77.732941,2023.0,3,4,1,1,1,1,0,2,1.92,4.35,3.53,0.39,0.5,115.95
12.838894,77.547334,1503.0,2,3,1,6,1,0,0,2,1.38,2.57,3.27,4.17,2.32,71.78
12.992413,77.630798,664.0,1,1,1,5,1,1,1,0,0.37,1.8,2.33,0.45,0.81,45.53
13.045358,77.609397,4088.0,5,6,2,1,1,1,1,0,0.99,3.82,2.85,0.48,0.54,279.77
13.050139,77.560562,1214.0,3,3,2,31,1,1,3,1,1.94,2.23,7.05,0.28,0.32,61.47
12.953345,77.698691,4435.0,4,4,1,28,1,1,0,1,1.93,5.12,1.77,1.74,0.95,125.37
13.014941,77.690539,4252.0,4,5,1,49,1,2,0,0,0.62,1.17,4.13,1.54,1.55,112.81
13.047628,77.675277,3699.0,4,5,1,4,0,2,2,2,1.6,1.25,2.48,0.74,1.2,233.06
13.030927,77.446427,2630.0,3,4,1,5,1,2,1,0,0.26,1.85,3.53,0.38,0.46,132.66
13.062645,77.723368,4465.0,4,4,2,6,0,1,0,0,0.49,2.53,5.15,0.27,1.47,186.94
12.957784,77.69103,2089.0,3,4,1,2,0,1,0,1,1.19,1.25,6.06,1.12,0.71,120.77
13.086198,77.691733,4210.0,4,4,1,5,0,0,0,1,1.67,1.75,5.77,0.1,0.48,194.72
12.916481,77.475168,3124.0,5,6,1,19,1,3,0,1,0.77,5.56,4.17,0.2,0.24,100.21
13.100651,77.697875,3498.0,4,4,1,27,1,2,0,0,1.65,2.35,2.93,1.32,1.23,77.34
12.929615,77.73164,3087.0,5,6,1,11,1,0,2,1,0.45,2.76,3.3,1.12,0.66,137.88
13.040749,77.638914,3671.0,5,5,3,1,1,2,1,1,0.26,2.63,2.5,0.79,0.29,260.4
13.02166,77.691593,2601.0,3,3,2,0,0,1,1,0,0.22,1.39,2.74,0.64,0.72,176.54
13.00014,77.447577,670.0,1,1,1,4,0,0,2,0,1.98,3.85,3.76,3.08,0.33,30.67
13.052647,77.686747,2197.0,3,4,1,11,0,1,0,1,0.76,1.35,2.66,0.93,3.86,101.5
12.828678,77.714168,724.0,1,1,1,4,1,1,1,0,1.69,6.21,4.74,0.61,0.26,37.73
12.996263,77.741663,1130.0,2,3,3,26,0,0,1,2,0.51,1.94,2.7,0.88,1.72,41.43
12.865689,77.687937,3931.0,5,5,2,3,0,3,3,0,0.96,4.87,4.54,0.15,0.36,249.15
13.010877,77.578902,2089.0,3,4,1,5,0,2,0,1,0.59,2.94,1.81,0.73,0.77,126.3
12.871325,77.578262,3999.0,4,5,3,5,1,1,2,1,0.34,2.65,2.93,0.52,3.26,225.29
12.887335,77.582289,2821.0,5,6,2,0,1,2,1,0,0.73,2.74,2.32,2.54,3.61,199.5
13.077867,77.676527,2519.0,3,3,2,25,1,2,0,1,1.31,4.18,4.98,0.48,1.0,73.53
12.835417,77.687024,1371.0,2,2,1,2,1,1,2,1,0.2,5.29,3.02,3.79,3.3,71.73
12.975416,77.589065,4406.0,4,4,3,6,1,1,0,1,0.55,1.32,0.91,0.96,0.47,284.18
13.097072,77.475141,1789.0,3,3,1,1,0,2,2,1,3.81,3.21,3.89,0.79,0.93,102.22
12.906349,77.550515,3874.0,3,3,3,12,1,1,3,2,0.47,2.21,1.67,0.42,2.13,243.83
12.842947,77.465302,770.0,1,1,1,0,1,0,2,1,0.68,3.78,5.66,0.95,0.36,43.58
12.983328,77.529342,778.0,3,4,2,0,1,1,3,1,0.27,6.14,1.54,0.39,0.56,87.36
12.822042,77.663403,1343.0,2,2,1,11,1,2,0,1,2.24,2.26,3.3,0.21,0.61,56.18
12.943325,77.510747,1545.0,2,2,1,4,0,2,0,1,0.58,2.05,2.01,0.89,0.86,87.71
13.106363,77.634248,2158.0,3,3,3,5,1,1,1,0,2.31,3.35,4.59,0.6,2.74,120.3
13.040294,77.703107,4164.0,4,4,1,8,0,0,0,0,1.94,3.07,3.13,0.74,0.57,172.56
12.973602,77.560771,4023.0,5,5,1,9,1,3,0,0,0.52,2.2,3.61,0.73,3.61,201.43
12.973039,77.660136,889.0,1,1,1,10,0,0,0,2,0.37,3.72,1.37,0.4,0.54,50.22
13.023411,77.683604,3066.0,5,6,3,7,0,1,0,2,0.45,1.15,2.58,0.27,0.73,185.3
12.950762,77.707995,3640.0,5,6,1,9,0,1,0,1,0.76,5.59,3.72,0.99,1.2,165.94
12.9471,77.669882,1259.0,5,6,2,31,1,0,3,1,0.44,6.15,1.51,0.51,1.54,71.27
12.948419,77.548557,3775.0,5,5,2,7,1,1,0,1,0.39,1.92,1.18,2.18,0.27,212.7
13.030339,77.582007,4054.0,5,6,3,3,1,1,1,0,1.54,1.98,2.34,0.33,0.2,271.95
12.85672,77.579325,1320.0,3,3,3,7,1,2,3,1,0.83,1.31,3.51,0.33,0.8,105.64
12.941311,77.69654,1117.0,2,3,1,5,0,2,1,0,2.85,1.29,4.7,1.68,1.9,70.25
12.953115,77.743479,1359.0,2,3,2,10,0,0,1,1,2.72,3.64,2.46,0.33,0.44,65.9
12.895868,77.463358,560.0,1,1,1,7,0,1,0,0,3.83,4.39,5.42,1.49,2.9,24.44
12.881685,77.629635,3380.0,5,5,2,4,1,1,0,2,0.69,4.08,6.05,1.67,0.24,201.69
12.945002,77.706717,2670.0,3,4,2,8,0,3,1,1,2.29,1.77,2.93,0.12,0.56,148.93
12.838453,77.591929,4407.0,4,5,1,4,0,3,0,0,1.07,3.8,7.36,1.2,1.47,200.38
12.95546,77.686353,1652.0,3,4,1,2,0,2,0,0,2.67,3.65,1.95,1.43,1.74,97.79
12.933656,77.52605,3395.0,4,5,1,5,1,0,2,0,1.56,3.58,4.8,1.2,0.78,187.47
12.86971,77.646694,3200.0,5,5,1,1,1,0,1,1,1.78,2.35,2.22,0.17,0.22,215.83
13.088857,77.517061,2173.0,3,4,1,1,0,1,1,1,0.54,2.02,3.06,1.21,1.05,140.56
12.946021,77.67076,4052.0,4,5,1,1,1,1,1,1,1.23,0.91,6.53,1.05,0.88,301.4
12.953329,77.738731,2564.0,3,3,1,11,1,3,0,1,1.33,4.5,4.38,0.52,2.37,100.1
13.035992,77.709069,4393.0,4,4,1,16,0,1,1,1,0.6,2.57,3.43,1.47,0.72,160.55
12.82561,77.567522,2604.0,3,4,1,0,0,1,2,2,1.83,4.47,3.89,3.3,0.8,152.23
13.118365,77.514065,720.0,1,1,3,0,0,1,1,1,0.29,2.54,3.9,1.13,1.27,42.82
12.824109,77.5099,1585.0,2,2,2,11,0,1,2,1,1.95,3.19,5.56,1.21,1.82,59.62
12.863697,77.645947,4275.0,5,5,3,17,1,2,1,1,1.91,2.69,3.89,1.86,1.06,161.52
12.868543,77.586776,3840.0,5,5,1,2,1,1,1,1,3.06,2.21,2.1,0.16,1.39,258.62
13.068149,77.642453,3283.0,4,4,1,11,1,1,0,1,2.3,2.13,2.38,0.95,1.94,137.24
13.054637,77.691094,4051.0,5,6,1,11,0,0,1,0,0.95,1.85,3.06,1.85,1.94,179.79
13.079036,77.679732,1740.0,3,4,2,4,0,2,2,2,1.85,4.02,4.47,2.84,1.95,105.82
13.101671,77.685004,3120.0,4,4,1,4,0,0,2,2,0.74,4.04,4.12,0.4,1.26,163.04
12.825914,77.673906,613.0,1,1,3,14,0,0,1,1,3.54,2.64,3.68,0.5,0.27,25.19
13.041501,77.647438,1072.0,2,2,1,16,0,1,0,0,1.36,2.47,2.59,0.57,0.88,42.69
12.95995,77.72658,1537.0,2,3,1,15,1,0,0,1,1.4,1.52,4.01,3.03,0.27,54.57
13.045938,77.687678,2740.0,3,4,1,4,0,3,0,1,1.59,1.34,2.29,0.58,0.81,151.72
13.094664,77.63631,589.0,1,1,1,6,1,1,0,0,0.3,3.46,2.34,0.82,1.41,28.73
12.890838,77.719302,2887.0,5,5,1,15,0,2,2,2,1.8,2.13,5.35,4.81,0.23,110.39
13.008389,77.736615,3835.0,4,5,3,0,1,3,3,1,2.5,5.76,2.55,0.49,0.27,279.7
12.89041,77.585332,3929.0,5,5,3,28,1,2,3,0,0.9,1.4,4.24,0.42,0.56,165.63
12.860504,77.521539,3620.0,5,5,1,18,0,2,0,1,5.39,1.94,2.39,1.51,1.43,110.01
12.868394,77.588149,1789.0,3,3,2,16,1,1,1,0,0.8,3.03,2.32,0.46,0.41,74.87
12.985771,77.742132,4484.0,4,4,2,36,0,2,2,1,0.46,2.61,4.85,0.64,0.86,129.19
12.930021,77.702538,3589.0,4,4,1,18,1,2,0,1,1.06,3.26,3.18,1.73,0.72,115.72
13.101297,77.667081,3758.0,5,5,1,1,1,0,0,1,0.6,5.57,8.77,0.78,0.35,198.17
13.06092,77.554817,1198.0,2,2,1,12,1,0,0,1,0.5,1.45,5.35,0.33,0.51,53.77
13.082801,77.682378,775.0,1,1,1,2,0,0,0,0,0.32,2.56,6.9,0.13,0.54,37.27
12.893044,77.71713,3800.0,5,5,1,4,1,1,0,1,1.96,2.35,5.55,0.25,0.23,184.25
12.923723,77.597774,3175.0,5,5,1,0,1,0,1,1,0.89,3.27,1.12,0.12,0.8,268.5
12.836484,77.661979,3521.0,5,6,3,3,0,2,3,0,1.87,1.87,5.17,0.32,1.33,234.13
13.100343,77.560797,1445.0,2,2,1,11,0,1,0,1,0.24,6.36,4.2,2.26,0.51,57.81
13.02515,77.539865,2073.0,4,5,2,2,0,3,3,2,1.71,2.68,3.02,3.79,0.57,188.87
12.845282,77.577439,1396.0,2,2,2,1,1,1,0,2,0.28,1.56,2.45,0.82,0.36,90.05
12.955614,77.595055,1773.0,3,3,2,11,1,1,0,0,2.24,2.3,0.37,0.11,0.44,99.85
12.944959,77.565322,2898.0,5,5,1,0,1,1,0,1,3.58,1.82,4.23,1.48,0.39,204.11
12.856677,77.649246,749.0,1,1,1,8,0,1,0,1,1.15,4.9,2.87,1.16,1.27,34.67
13.067894,77.614582,2186.0,3,4,1,22,0,0,1,1,2.02,1.25,1.78,0.46,0.3,83.5
12.889483,77.713309,2037.0,3,4,3,6,0,0,1,0,1.21,2.1,7.38,1.47,4.31,101.11
13.112517,77.57397,4066.0,4,5,1,1,1,3,0,0,0.38,3.33,6.48,1.19,0.28,200.42
13.059779,77.492091,2308.0,3,3,2,3,1,3,0,0,0.44,1.71,3.77,1.25,1.72,108.47
12.882874,77.449627,4280.0,3,4,3,22,0,1,3,1,1.47,3.3,3.51,2.21,2.06,132.53
12.893343,77.59829,1074.0,3,3,2,2,1,2,3,1,0.26,1.45,2.34,1.94,3.48,101.74
13.046609,77.604098,1651.0,3,3,2,1,1,0,1,0,0.25,1.66,1.59,1.79,1.01,113.76
12.972328,77.664046,2748.0,3,3,2,19,1,2,0,2,0.82,2.85,2.49,1.01,0.76,98.34
13.068941,77.488531,952.0,2,2,1,4,1,1,0,2,0.55,4.37,3.56,0.68,0.57,57.07
12.919163,77.456381,1334.0,2,3,3,4,0,2,2,1,1.53,4.06,7.69,0.51,1.73,72.69
13.1187,77.452331,3887.0,5,5,1,1,1,0,0,1,0.85,3.28,7.85,1.3,0.34,168.19
12.954276,77.683763,4061.0,4,4,1,8,0,2,0,1,0.52,1.02,4.72,3.04,0.35,189.52
13.082123,77.722539,1309.0,3,3,3,15,1,2,3,0,2.03,2.42,3.29,1.06,0.65,58.95
12.823477,77.463166,4494.0,4,4,3,5,0,0,1,0,0.83,2.45,3.72,0.41,0.5,183.78
12.848575,77.502575,1129.0,2,3,1,2,1,1,0,2,2.65,3.83,4.88,0.63,1.38,68.71
12.886475,77.507177,2712.0,3,4,1,2,1,1,1,0,1.57,1.43,2.07,0.5,1.39,165.78
13.014051,77.522548,3081.0,4,4,1,8,1,2,0,1,0.38,2.1,1.57,0.14,1.27,160.34
12.846207,77.455082,3871.0,5,5,3,30,1,2,0,2,1.23,5.07,3.7,0.6,1.17,100.02
12.949846,77.543685,4356.0,4,4,3,9,1,2,1,1,2.01,0.63,3.97,0.13,2.41,284.62
12.90982,77.507696,3165.0,5,6,3,1,1,3,1,1,2.45,1.75,3.78,0.82,1.12,234.01
12.994208,77.573319,4249.0,5,6,2,3,1,2,0,0,0.55,1.92,0.94,0.2,1.41,266.6
13.120673,77.499636,4172.0,4,4,3,0,0,1,3,1,1.4,2.78,4.36,0.25,0.55,281.04
13.111191,77.459725,3071.0,4,5,1,0,1,0,1,0,0.7,5.87,4.14,0.22,1.45,160.77
12.979241,77.65395,1879.0,3,3,2,6,1,1,1,1,0.3,4.52,1.68,0.21,0.78,125.6
13.026988,77.715412,4170.0,5,5,1,14,1,3,1,1,0.33,2.22,4.52,1.31,0.33,162.9
13.035241,77.551579,582.0,1,1,1,13,1,0,0,0,1.2,1.93,1.43,0.74,0.68,27.57
12.938218,77.51669,1770.0,3,4,1,34,1,1,0,0,2.68,9.05,2.96,1.44,0.6,53.99
12.942411,77.646352,3897.0,4,4,3,8,1,0,1,1,0.56,3.09,1.97,4.29,0.3,225.66
13.023711,77.67485,1999.0,3,4,1,2,1,1,0,1,0.6,1.58,2.15,1.28,1.26,122.71
13.114242,77.586849,2986.0,4,4,1,5,0,2,0,1,0.64,3.01,6.49,1.43,1.07,141.26
12.931047,77.63689,3888.0,4,5,3,3,0,3,3,1,0.66,0.73,3.58,1.07,0.6,334.37
12.940381,77.671476,865.0,1,1,1,6,0,0,0,1,1.25,6.13,2.21,0.15,0.61,46.45
12.870177,77.642031,772.0,1,1,1,22,0,0,0,0,2.78,2.04,2.74,0.96,0.78,22.02
12.840034,77.688717,4061.0,4,4,2,5,1,2,1,0,0.82,2.4,2.92,0.5,0.38,203.66
12.884249,77.46217,4084.0,4,4,1,2,1,1,0,1,1.56,3.08,2.89,0.25,2.31,199.98
13.082581,77.556064,920.0,2,3,1,5,0,1,0,2,0.65,3.65,6.41,0.46,0.57,55.62
13.025147,77.54153,2381.0,4,5,3,12,1,1,3,0,6.72,0.84,5.3,0.23,1.74,155.38
12.924154,77.706762,1343.0,2,3,1,7,0,0,2,0,0.36,1.64,3.09,1.22,2.56,67.33
12.880666,77.576945,1390.0,2,2,2,1,1,3,1,1,0.91,1.05,2.06,1.71,0.38,100.61
12.825899,77.588101,1453.0,2,2,2,2,1,2,0,0,0.76,3.09,2.45,0.22,1.56,72.32
13.001003,77.560131,3865.0,5,6,3,1,0,1,1,1,0.23,1.71,2.07,4.27,0.43,274.05
12.855662,77.719863,1338.0,2,3,1,4,1,1,0,0,0.93,2.77,7.78,3.41,1.79,62.05
13.025767,77.494422,4362.0,5,5,3,21,0,0,3,1,1.54,1.52,1.96,0.42,1.65,175.79
13.017492,77.618486,3639.0,4,5,1,10,0,1,0,0,0.52,0.73,1.21,1.38,1.33,179.07
12.964127,77.72133,994.0,2,2,1,12,0,3,0,1,2.69,4.04,2.52,0.51,0.73,46.79
12.875868,77.684347,2373.0,3,4,1,14,1,2,2,0,0.27,3.21,2.43,0.53,1.0,90.18
12.977484,77.743558,3075.0,4,5,3,23,1,2,1,1,5.93,1.97,3.21,0.99,0.86,99.38
12.928943,77.622734,2378.0,3,3,1,6,1,1,0,1,0.23,1.22,3.57,0.76,0.5,147.09
12.991817,77.683473,3661.0,4,4,1,19,1,0,1,0,0.44,1.57,2.45,2.01,0.48,120.33
12.917207,77.476003,1270.0,2,3,1,10,0,1,0,1,0.55,2.96,2.71,0.65,0.33,58.69
12.916423,77.632691,2442.0,3,3,1,3,0,0,0,1,2.08,1.47,2.14,0.82,1.09,146.52
13.071062,77.497798,2834.0,5,6,1,4,0,2,0,1,1.46,3.18,5.17,2.26,0.22,140.74
13.087451,77.582156,1287.0,2,2,2,46,0,2,2,2,2.74,1.37,2.42,1.92,0.5,42.58
12.863038,77.702334,875.0,1,1,1,19,1,0,0,1,0.65,2.47,2.94,3.1,1.24,24.82
12.912616,77.679167,1234.0,2,3,3,1,1,2,1,2,1.23,1.47,2.95,0.4,0.76,103.39
13.045164,77.514267,2350.0,3,4,2,19,1,1,0,1,2.93,4.0,2.16,2.6,0.67,71.46
12.840329,77.590452,731.0,1,1,1,7,1,0,2,0,0.63,4.4,5.69,1.26,0.36,34.92
13.105107,77.649362,2444.0,3,3,1,1,1,1,0,1,2.57,1.82,7.88,0.42,1.29,134.59
13.065184,77.728325,4307.0,4,4,1,10,0,2,1,2,2.68,2.06,2.77,1.11,0.85,199.01
12.936619,77.495084,1342.0,2,2,1,5,1,2,1,1,2.32,3.8,3.94,0.19,2.03,88.94
13.030707,77.553495,2308.0,3,4,1,17,1,0,0,0,1.56,2.29,1.76,0.33,3.05,82.52
13.054252,77.562537,2451.0,3,3,3,3,0,1,3,2,1.08,1.85,5.29,0.66,0.91,203.17
13.116422,77.519592,3780.0,5,5,1,4,1,2,0,2,2.5,3.48,2.97,0.36,0.25,198.85
13.01984,77.668509,3140.0,5,5,2,1,0,1,3,1,0.2,4.66,4.79,1.18,0.38,252.28
12.841881,77.661809,3508.0,5,6,1,0,1,2,0,1,0.52,3.69,6.92,0.19,0.46,203.88
12.903952,77.631999,4011.0,4,4,1,5,1,2,2,1,0.21,3.11,2.39,3.7,0.86,237.73
13.047971,77.519181,692.0,1,1,1,15,1,0,2,1,0.71,1.19,2.7,0.31,1.91,29.7
13.069857,77.444779,3636.0,5,5,2,4,0,0,3,0,0.74,2.82,9.76,1.42,1.54,203.29
13.073599,77.546397,2949.0,5,5,1,12,1,0,0,0,0.36,1.36,6.2,0.27,1.92,126.8
12.844957,77.731234,2766.0,3,3,1,5,0,1,1,0,2.37,3.09,3.09,1.4,4.15,121.81
12.972713,77.708125,1504.0,2,2,1,9,1,0,0,1,2.33,2.83,2.8,0.97,0.33,70.34
13.059539,77.510753,3668.0,4,4,3,3,0,0,0,0,0.8,5.76,2.28,1.25,0.32,181.62
12.936085,77.67717,3725.0,4,5,1,22,1,3,1,1,1.38,3.46,1.6,0.43,0.58,139.33
12.928387,77.489152,725.0,1,1,1,4,0,0,1,1,0.63,2.78,3.51,1.05,0.65,45.07
12.882826,77.585312,997.0,2,3,1,17,1,1,0,1,0.23,2.75,2.17,0.15,1.14,40.17
12.937642,77.468774,3995.0,5,5,2,4,1,1,0,1,0.7,1.59,3.64,0.8,1.45,201.03
12.954731,77.52931,1085.0,2,3,1,7,1,1,1,0,0.35,0.74,2.35,0.8,1.07,71.34
12.915813,77.59436,3535.0,5,6,1,3,1,3,0,1,1.01,1.27,5.26,0.77,1.64,243.75
12.924155,77.574708,1066.0,2,3,1,22,1,2,2,2,2.16,3.37,1.76,0.14,0.71,46.94
12.956705,77.669289,1359.0,2,2,1,1,1,0,1,1,1.0,0.87,2.1,0.19,0.96,106.33
13.005546,77.686281,2084.0,3,3,1,9,1,2,2,1,0.87,1.15,1.63,0.45,0.61,112.53
12.86311,77.66605,1799.0,3,4,2,15,0,1,1,1,3.51,2.52,3.39,0.26,0.31,82.03
13.00584,77.542347,1594.0,2,3,3,15,0,0,1,1,1.57,1.16,4.19,1.18,1.76,74.95
12.863764,77.530542,1677.0,3,3,2,21,0,2,0,1,0.57,3.17,2.46,0.18,0.96,53.28
12.852014,77.682167,4306.0,5,6,1,9,1,2,1,1,1.25,1.83,2.68,1.12,0.4,198.3
12.967764,77.452029,3199.0,4,5,1,1,0,2,0,1,0.31,2.41,4.25,0.56,0.52,175.97
12.925701,77.72446,2763.0,3,4,2,0,0,1,0,0,3.24,1.52,3.69,1.18,0.86,132.42
13.113338,77.600003,4424.0,4,4,2,11,1,1,0,1,0.35,2.02,5.53,0.48,4.17,168.76
13.059181,77.565292,731.0,1,1,1,0,1,1,2,0,0.55,1.18,2.44,0.87,2.17,49.16
13.017736,77.54966,3131.0,5,5,2,27,1,3,0,1,1.3,2.52,1.67,0.9,0.81,109.04
13.048933,77.529176,3380.0,4,5,1,6,0,0,0,1,0.66,1.49,2.98,0.19,1.59,188.1
13.044631,77.604448,3032.0,4,4,2,15,0,1,1,0,1.85,3.25,1.54,0.72,0.41,140.19
12.903065,77.539465,1154.0,2,3,1,4,1,1,0,2,0.4,1.67,1.87,1.05,3.09,76.71
12.956683,77.520359,1508.0,5,5,3,3,1,3,3,0,2.18,1.4,1.25,0.49,0.56,144.02
12.97321,77.565509,3303.0,4,5,2,11,1,3,0,2,0.74,4.49,1.05,0.42,1.41,198.72
13.100421,77.506041,2924.0,4,4,1,1,1,3,0,1,0.26,2.34,3.52,0.32,1.19,157.79
13.076751,77.666861,2033.0,3,3,1,5,0,0,0,1,0.61,5.28,2.58,0.37,0.66,105.79
12.857072,77.730784,1355.0,2,2,2,7,1,2,1,2,1.65,2.74,4.19,0.11,1.38,73.9
12.83312,77.555075,1691.0,3,3,2,10,1,1,0,1,2.6,2.51,3.56,0.49,3.6,76.58
12.846567,77.703488,3050.0,4,5,2,16,0,1,0,0,0.28,4.42,3.41,0.51,0.9,94.29
13.01685,77.629119,2753.0,3,4,3,1,0,0,0,0,0.77,3.2,0.95,0.59,0.6,168.8
12.956671,77.521025,1967.0,3,3,1,2,0,0,1,1,0.23,3.05,1.48,0.6,1.13,150.74
12.829732,77.67965,4244.0,5,5,2,34,1,1,0,1,3.07,4.13,3.94,2.43,0.26,108.17
12.836752,77.608791,524.0,4,4,3,24,1,2,3,0,1.26,4.08,3.16,0.57,1.51,31.23
12.84077,77.4669,3231.0,4,5,2,3,1,1,0,1,0.21,4.5,8.35,0.18,0.38,156.59
12.982862,77.448859,3490.0,4,4,1,43,1,1,1,1,1.11,2.36,2.71,3.13,2.12,105.82
13.002574,77.512778,806.0,1,1,1,0,1,0,0,0,0.76,3.17,1.76,0.49,0.63,49.18
13.056134,77.589852,2544.0,3,3,1,1,0,2,1,1,0.39,1.25,1.77,0.68,2.06,181.41
13.033687,77.640904,2468.0,3,4,3,10,0,1,1,2,0.93,1.61,4.91,0.32,3.6,157.69
12.895889,77.549016,1527.0,2,3,1,5,0,2,2,1,1.8,1.06,1.56,0.49,0.64,94.01
12.968906,77.54082,677.0,1,1,1,5,1,1,0,1,1.23,6.73,1.37,1.01,1.46,43.13
12.848174,77.647662,1209.0,2,2,1,14,1,0,0,2,0.94,1.86,2.49,2.55,0.28,46.08
12.925947,77.63067,1899.0,3,4,1,1,1,1,2,0,0.49,1.33,1.85,3.1,3.29,135.28
12.894098,77.465011,809.0,1,1,1,4,1,0,0,0,2.44,2.32,4.56,0.4,0.26,39.09
12.824548,77.567355,1319.0,2,3,1,13,1,1,0,2,1.76,3.43,10.36,0.3,1.29,55.72
13.09613,77.491509,2587.0,3,3,1,3,1,1,0,1,1.21,3.28,3.98,0.14,0.47,124.7
12.914671,77.499129,2963.0,5,5,3,2,0,1,1,0,0.64,2.67,2.47,1.94,1.19,183.72
12.833227,77.594465,548.0,1,1,3,2,1,1,1,1,0.3,2.4,2.93,0.73,0.34,38.35
13.060103,77.493606,1321.0,2,3,2,8,1,1,1,1,0.89,1.68,4.65,0.92,0.58,75.51
12.887559,77.578052,2082.0,3,3,2,27,1,1,0,1,1.22,4.99,4.94,0.25,0.77,67.86
13.058329,77.625468,4094.0,4,4,2,29,0,3,0,1,2.27,2.58,3.41,0.21,1.25,130.25
13.095146,77.576339,2486.0,3,4,2,4,1,0,0,0,0.96,5.35,3.93,0.4,0.95,118.2
13.11337,77.552618,1469.0,2,2,1,9,0,1,1,2,0.7,3.29,2.66,0.11,0.35,79.16
13.113438,77.739519,3294.0,5,6,1,4,1,2,0,1,0.53,3.42,3.72,0.19,2.62,150.54
13.04961,77.45923,3629.0,4,5,1,0,1,2,1,1,0.45,2.02,2.92,0.15,1.09,233.22
12.826849,77.459301,1177.0,2,2,1,3,0,1,0,2,0.23,4.17,5.03,0.8,1.55,58.65
12.883365,77.550344,782.0,1,1,1,15,0,0,1,1,1.06,1.72,2.36,0.84,0.59,36.14
12.842837,77.642716,1525.0,2,2,3,2,1,0,0,1,0.24,6.14,2.71,1.34,1.69,76.23
13.007968,77.459024,3392.0,4,5,1,19,1,0,0,0,0.52,1.78,4.36,0.82,1.61,92.47
12.955991,77.566242,2941.0,4,5,1,14,0,1,0,2,2.73,0.68,5.83,0.28,1.15,148.39
12.985301,77.649793,2323.0,3,4,3,2,0,0,1,1,0.33,1.44,3.78,0.22,0.34,185.9
12.880755,77.473883,2199.0,3,4,1,8,1,1,0,0,1.58,3.14,3.04,0.13,0.81,97.6
12.992449,77.694317,2497.0,3,4,1,31,1,3,0,0,0.54,3.51,1.86,1.31,2.61,69.78
13.010791,77.573643,4330.0,5,6,1,22,0,3,0,1,1.37,1.46,4.49,0.35,0.2,149.78
12.926457,77.539316,1181.0,2,3,1,4,1,0,0,1,3.49,6.63,4.82,0.25,0.25,76.65
13.095382,77.497805,611.0,5,6,2,26,1,3,3,0,2.1,1.95,9.42,2.77,0.38,35.41
12.851646,77.526115,3190.0,4,5,1,4,1,1,0,0,3.04,1.75,2.39,0.11,0.36,156.44
13.039843,77.680552,2899.0,5,6,2,10,0,0,0,2,1.42,1.31,2.61,0.71,5.78,150.87
13.066417,77.57422,1310.0,2,3,1,7,1,2,0,2,0.39,1.22,1.65,1.75,0.47,72.96
13.042411,77.540605,1787.0,3,3,2,15,1,1,2,2,0.39,0.99,1.51,0.81,0.81,87.04
12.823839,77.571406,668.0,1,1,1,2,1,1,0,2,1.27,2.02,2.98,0.89,1.97,38.84
12.89909,77.704703,3220.0,5,6,1,7,1,1,1,0,0.99,2.44,3.66,2.09,1.81,165.48
13.03721,77.620471,1595.0,2,3,1,2,1,2,1,0,1.0,4.88,3.0,1.93,0.81,104.86
13.100581,77.582212,1917.0,3,3,2,15,1,3,1,0,0.36,2.16,2.21,1.65,0.64,76.46
13.03607,77.573553,828.0,1,1,1,2,1,1,0,1,4.53,0.76,2.09,0.18,0.91,52.51
12.94367,77.51081,1929.0,3,4,1,2,1,1,1,1,0.52,0.99,5.25,2.8,0.62,138.23
12.823728,77.648675,2406.0,3,4,2,7,1,0,0,2,0.64,2.44,5.26,1.43,0.71,112.95
12.943539,77.676151,855.0,1,1,1,9,1,1,0,1,2.3,3.29,1.81,1.41,2.1,40.29
13.107278,77.459558,1508.0,2,2,1,0,0,3,0,2,0.39,2.12,4.66,2.25,1.3,77.23
12.825584,77.607205,3408.0,5,6,1,5,1,2,1,2,0.39,3.2,2.78,1.75,1.15,192.01
13.110301,77.60011,2808.0,4,4,2,13,1,3,1,0,0.93,3.64,2.57,0.73,0.99,114.7
12.946995,77.700585,1050.0,4,5,3,16,1,0,3,2,0.33,2.64,2.56,1.34,0.47,66.76
12.892305,77.658698,3851.0,5,6,1,2,0,1,2,1,0.92,4.0,3.25,0.17,0.41,240.85
12.930046,77.552218,1104.0,2,2,1,3,0,2,0,2,0.27,1.86,2.57,2.28,1.49,77.33
13.094104,77.625972,3093.0,5,6,2,2,1,0,0,0,0.64,1.46,2.81,0.73,1.0,171.62
12.955791,77.734255,2775.0,3,4,1,11,1,1,0,0,0.23,2.34,4.98,0.43,1.03,102.89
13.044199,77.460284,3597.0,4,5,2,4,0,0,2,1,0.57,2.76,2.98,0.21,0.33,185.23
13.042028,77.54106,4199.0,5,5,3,36,1,1,1,0,0.26,1.16,1.47,5.0,1.82,145.46
12.974518,77.53462,895.0,1,1,1,11,0,1,1,1,0.65,2.1,2.81,1.06,0.32,50.26
12.981454,77.585997,2229.0,3,3,2,0,1,0,0,2,6.26,0.43,2.23,0.25,1.49,184.36
13.025592,77.505462,4477.0,5,5,2,10,0,2,1,0,0.92,1.48,3.21,0.94,0.56,228.25
12.905402,77.555417,3666.0,4,5,1,3,1,2,1,1,1.03,1.02,2.16,0.32,0.22,261.32
12.848547,77.521649,3403.0,5,6,3,0,0,2,1,1,3.24,1.73,7.95,0.86,0.2,234.43
12.978114,77.523401,2663.0,4,5,3,12,1,2,3,0,1.62,1.19,5.99,0.19,0.51,171.65
12.991323,77.449193,3864.0,5,5,2,3,0,0,1,1,3.95,1.7,3.18,0.66,0.88,217.36
12.971949,77.559732,749.0,1,1,1,8,0,0,2,1,1.52,0.74,1.02,1.15,0.89,46.32
12.872361,77.500858,1292.0,2,2,3,1,0,1,1,0,0.81,2.7,3.99,0.97,2.01,78.19
12.857745,77.700061,2294.0,3,4,1,31,0,0,0,1,1.42,2.35,7.3,0.15,1.0,62.8
13.017418,77.5213,2991.0,4,5,1,6,1,2,1,2,0.48,2.21,5.06,0.55,3.6,205.55
12.864436,77.56143,1722.0,3,4,1,2,1,2,1,2,0.76,1.27,4.05,0.12,1.2,130.15
12.991281,77.595774,847.0,1,1,1,13,1,0,0,1,0.99,2.17,1.01,0.44,0.42,44.5
12.915969,77.469911,4345.0,4,5,1,4,1,1,1,1,0.65,3.21,5.92,0.32,4.06,247.81
12.901778,77.571053,4289.0,5,6,1,2,1,1,1,0,1.46,3.43,2.2,0.16,0.52,308.21
13.000478,77.657521,1518.0,2,2,1,20,1,3,0,0,0.94,5.1,3.15,0.15,0.83,47.74
12.962541,77.58124,783.0,1,1,1,5,1,0,2,1,1.51,0.8,5.2,2.05,0.43,51.91
13.043993,77.692883,2787.0,3,3,1,0,1,1,0,0,1.39,2.56,4.45,0.36,1.03,145.05
12.9457,77.669648,2529.0,3,4,1,3,1,1,0,1,1.58,4.07,1.7,1.75,0.26,151.68
12.920322,77.538976,3752.0,4,5,1,1,0,0,0,1,2.81,3.07,3.64,1.38,0.51,231.83
12.862791,77.545504,681.0,1,1,1,3,0,0,0,1,1.27,3.24,7.09,1.81,0.92,36.75
12.990243,77.610411,3196.0,4,5,3,0,0,2,3,2,1.29,1.43,6.65,0.63,0.27,360.44
13.073929,77.743655,2660.0,3,4,1,7,0,1,0,1,0.71,2.44,5.05,2.48,0.51,106.59
12.838208,77.606036,942.0,2,2,1,8,1,2,0,2,4.37,3.37,6.89,0.68,0.32,51.51
12.859662,77.622348,3141.0,4,5,1,2,1,1,0,1,0.41,1.77,2.04,1.08,0.47,169.1
12.95471,77.711994,810.0,1,1,1,12,1,1,0,0,5.12,4.05,1.99,0.96,0.54,32.98
12.905404,77.549261,2776.0,3,4,1,0,1,2,0,1,1.85,1.24,2.71,1.17,1.19,175.3
13.109535,77.647447,3352.0,5,5,3,3,0,2,3,0,0.35,2.23,2.9,2.18,2.22,212.41
12.840003,77.658969,2871.0,4,4,1,5,1,0,0,2,1.04,1.86,3.48,0.43,0.94,149.53
12.824149,77.672902,3265.0,5,5,1,17,1,1,0,1,0.82,3.54,3.15,1.47,0.32,97.36
12.923945,77.668854,4250.0,5,5,1,9,0,3,0,0,0.76,2.23,5.29,2.38,1.55,178.21
13.022346,77.567691,3662.0,4,4,1,4,0,1,1,0,2.51,2.71,1.52,0.2,0.49,252.76
12.996077,77.604644,556.0,3,3,3,0,1,0,3,0,3.51,0.85,4.11,1.26,0.48,65.35
12.852154,77.663148,4171.0,5,5,2,4,1,1,1,1,2.25,1.8,5.25,1.04,1.01,236.86
12.945205,77.486119,2324.0,3,4,2,7,1,0,3,2,1.89,3.58,3.05,1.9,0.51,162.85
13.091179,77.713477,4386.0,4,5,1,4,1,1,2,1,1.08,2.09,2.9,1.15,1.02,196.56
13.064107,77.561018,4144.0,4,5,2,1,0,0,2,1,2.18,1.52,1.75,0.21,2.16,262.09
12.89756,77.611189,1859.0,3,3,2,2,0,2,0,2,0.76,1.49,2.68,0.16,1.76,126.95
13.024711,77.685564,3347.0,4,5,1,3,0,1,0,1,0.2,1.54,2.66,1.62,1.8,175.27
12.894962,77.512797,1056.0,2,3,1,1,0,0,0,0,0.4,3.06,2.35,0.61,1.09,66.75
13.088257,77.66832,3696.0,5,6,1,6,1,2,1,0,0.2,1.54,3.26,0.23,1.29,202.31
12.874964,77.71116,4427.0,5,5,3,8,1,2,3,0,2.77,2.51,4.97,5.0,1.49,213.65
12.977096,77.620804,1067.0,2,2,1,1,1,3,0,1,0.28,1.66,2.09,0.15,3.79,82.8
12.989539,77.600635,3304.0,5,5,2,8,1,0,2,1,0.61,2.21,1.4,3.73,0.26,207.83
12.96617,77.59554,3447.0,4,4,2,15,1,1,0,1,0.69,0.3,0.29,1.03,0.5,161.04
13.121059,77.500978,4228.0,4,5,2,3,1,1,1,0,2.25,6.7,6.05,0.77,0.4,201.28
12.837954,77.644558,1059.0,2,3,1,6,1,3,0,0,2.19,4.0,7.21,1.28,1.58,50.84
12.839578,77.59988,3459.0,5,6,1,3,1,1,1,1,0.74,2.21,2.41,0.99,0.54,220.09
12.999006,77.66036,1877.0,3,3,2,2,1,1,0,2,2.52,1.62,2.04,1.04,1.12,119.51
12.974051,77.665244,3724.0,4,5,3,16,0,2,3,1,0.47,2.65,1.83,0.39,0.37,198.42
12.949852,77.664452,2963.0,4,5,1,1,0,2,0,2,1.95,1.14,1.89,0.6,3.07,221.05
12.883662,77.552066,3011.0,4,4,1,14,1,2,0,1,0.34,1.26,4.53,0.7,0.86,128.83
13.079252,77.633262,502.0,1,1,1,2,1,0,0,0,0.77,4.77,2.03,0.15,2.82,30.86
12.93548,77.671118,3575.0,5,6,3,16,1,0,3,1,2.72,2.12,3.3,0.49,0.53,198.01
13.080163,77.640823,3098.0,4,4,1,3,1,2,0,0,0.65,3.81,5.59,0.99,0.25,162.1
13.050588,77.485551,3200.0,5,6,1,5,0,1,1,2,2.25,2.14,3.61,1.0,1.41,203.06
12.981002,77.564516,3502.0,4,4,3,18,1,2,3,2,0.34,0.46,2.06,0.92,2.1,206.72
12.871841,77.558302,2087.0,3,4,2,6,1,3,1,0,2.42,1.72,2.78,0.61,0.37,118.57
13.105671,77.516814,3209.0,5,6,3,8,0,3,1,0,1.37,1.77,2.94,1.52,1.66,148.09
12.934643,77.604666,3416.0,4,4,1,1,1,2,0,1,0.23,0.48,4.83,0.16,2.45,235.07
13.043605,77.53752,3622.0,4,4,3,10,0,2,1,1,0.21,3.49,2.06,0.91,0.81,203.69
13.096688,77.743642,2531.0,3,4,1,4,0,2,1,1,3.44,2.86,5.55,0.12,0.43,126.83
13.085076,77.602777,4054.0,5,6,2,4,1,1,0,0,0.94,1.29,2.5,0.56,1.2,211.33
12.922945,77.56103,4469.0,4,5,1,7,1,0,0,0,0.44,1.93,2.8,0.75,1.54,223.8
13.051132,77.57443,1519.0,2,2,1,7,0,1,0,0,0.31,4.76,3.47,0.21,0.64,76.97
13.072272,77.457698,3865.0,5,5,3,44,0,0,0,2,1.0,3.49,4.14,2.89,1.49,97.16
12.853129,77.65112,2248.0,3,4,3,0,1,2,1,2,3.06,1.65,3.55,1.79,0.73,155.77
12.842738,77.528043,4145.0,5,6,1,5,0,2,0,1,3.2,1.93,9.86,1.17,1.69,192.16
12.963099,77.616088,4373.0,4,5,2,0,1,1,3,1,0.53,0.75,3.47,0.8,0.91,442.4
13.040878,77.530916,967.0,2,3,1,9,0,2,1,1,2.56,1.95,2.1,0.32,0.86,63.47
12.935104,77.669518,3782.0,5,6,1,4,1,1,0,2,0.37,1.47,2.56,0.62,0.84,235.53
12.86508,77.52103,1211.0,2,3,1,1,1,2,1,1,0.37,3.61,6.99,2.45,0.66,79.06
12.97712,77.478383,3740.0,4,4,2,4,1,3,0,1,2.67,1.37,5.36,1.32,0.31,185.75
12.851949,77.448,3618.0,5,6,2,27,1,1,3,0,1.15,3.34,3.87,0.76,0.28,118.99
12.907006,77.710882,2191.0,3,3,1,11,1,3,0,1,0.23,2.82,4.32,1.5,0.26,88.53
12.982211,77.495337,1015.0,2,3,1,21,0,2,2,2,0.55,7.12,8.96,2.17,1.74,36.98
13.0667,77.567238,2249.0,3,3,1,4,1,1,2,0,0.36,1.3,1.93,0.12,0.27,133.73
12.951075,77.673681,1076.0,2,3,1,1,0,2,1,1,1.04,2.07,1.93,2.47,2.05,83.91
12.844998,77.476439,3340.0,4,4,3,5,1,1,1,1,0.37,2.75,3.43,1.85,0.24,170.73
13.071498,77.533871,1463.0,2,3,1,2,0,1,0,0,5.65,1.35,3.85,0.57,3.17,80.72
12.981226,77.589307,4144.0,5,6,1,2,1,0,0,2,1.17,0.43,0.29,0.17,5.13,346.12
13.098196,77.503116,972.0,2,3,2,9,1,1,1,2,0.57,2.63,3.73,1.08,3.02,53.15
12.83426,77.593489,835.0,5,6,2,23,1,0,3,0,1.66,2.43,3.69,1.62,0.85,42.68
12.969574,77.618339,1712.0,3,4,1,0,0,2,0,1,0.3,1.38,1.32,0.81,0.29,141.56
12.874036,77.74073,3146.0,4,4,2,29,1,1,1,1,1.46,1.96,5.87,0.72,0.53,89.01
12.87035,77.71311,2681.0,3,3,3,1,1,1,1,1,1.26,2.79,3.79,0.42,0.27,154.61
12.951733,77.551338,2804.0,5,5,1,1,1,0,2,1,0.46,2.28,1.67,0.53,0.83,210.39
12.851786,77.53749,4258.0,4,4,1,4,1,2,2,1,1.08,4.43,2.21,0.13,2.63,230.12
12.956812,77.670683,2964.0,4,4,1,8,1,0,0,1,0.89,1.31,2.93,1.74,6.0,154.74
12.943012,77.512162,3718.0,3,3,2,3,0,1,3,2,2.37,2.53,3.14,0.43,1.9,297.79
13.082839,77.598425,3105.0,5,6,1,16,0,1,1,2,0.38,2.11,3.09,0.51,1.34,142.79
13.110025,77.624383,3898.0,4,4,1,15,0,0,0,1,2.48,1.93,4.35,0.73,1.99,124.77
12.860535,77.611646,4365.0,5,6,1,21,1,2,1,0,0.23,1.43,3.57,1.47,0.54,136.82
13.057693,77.461515,3686.0,5,6,2,3,1,2,1,1,1.15,3.27,3.14,0.17,0.33,210.32
12.971659,77.696733,2035.0,3,4,1,4,0,0,0,0,1.27,7.9,1.99,0.14,1.71,107.44
13.070493,77.655781,2854.0,5,6,1,7,0,1,1,1,1.05,2.41,4.92,1.16,1.29,157.36
13.037785,77.594692,1791.0,3,3,2,0,1,1,0,2,0.39,2.79,1.12,0.25,1.07,141.53
13.096593,77.656249,3043.0,4,4,2,5,0,1,0,1,2.29,2.95,3.37,2.41,0.25,146.36
13.120875,77.710683,1961.0,3,3,2,2,1,0,0,0,0.65,5.77,6.43,1.61,1.68,88.42
13.063324,77.625353,2984.0,5,6,1,4,1,1,0,2,4.46,1.94,5.16,0.77,0.37,190.88
12.97563,77.639782,4063.0,4,4,1,0,1,1,0,1,2.38,3.71,5.33,0.19,0.34,277.93
13.089792,77.736905,1052.0,2,2,1,11,0,2,0,0,0.99,3.76,5.76,0.12,2.41,39.51
13.065173,77.686981,4351.0,4,4,3,15,1,2,1,1,0.63,2.01,4.17,0.13,1.5,181.04
12.946149,77.674064,3859.0,4,5,2,21,0,1,1,2,0.57,4.88,1.7,0.79,1.01,155.95
12.971373,77.526286,926.0,2,2,1,6,0,2,0,1,2.77,2.05,1.35,0.6,2.06,62.39
12.900995,77.65798,1016.0,2,3,3,0,1,1,1,1,1.13,3.8,1.63,0.47,0.47,82.45
12.843313,77.730839,1550.0,2,2,1,0,0,1,1,0,0.34,3.31,7.82,0.15,0.75,84.97
12.960406,77.686549,3657.0,5,6,1,8,0,3,0,0,1.51,1.13,3.17,0.24,1.53,179.23
12.960617,77.624429,1292.0,2,3,1,1,0,2,0,0,0.86,0.77,3.0,0.34,2.33,96.61
12.880532,77.628754,3003.0,4,4,3,7,0,1,1,2,0.33,2.98,2.88,1.09,0.49,179.56
12.921865,77.452323,3014.0,4,4,2,4,1,0,1,1,0.22,5.98,3.67,0.43,2.78,165.28
12.996027,77.60928,943.0,5,6,2,0,0,3,3,1,0.52,0.77,0.54,0.21,4.49,130.55
12.85619,77.476697,2383.0,3,3,1,2,0,0,0,1,0.88,2.2,4.02,0.33,3.02,121.52
12.991642,77.550927,2436.0,3,4,1,15,0,3,1,1,0.89,1.27,1.72,0.21,1.88,123.13
12.980068,77.643164,2422.0,3,3,2,16,1,1,1,1,0.28,1.47,3.9,0.86,1.98,122.01
12.857139,77.448692,3537.0,5,6,3,5,1,1,1,0,0.52,2.25,3.44,0.15,0.42,164.05
13.009778,77.539513,1299.0,2,3,1,0,0,2,0,1,3.58,4.07,2.48,0.73,1.26,90.5
13.015767,77.458031,665.0,1,1,3,0,1,1,1,0,0.78,5.91,3.52,0.78,1.95,42.54
12.844161,77.656935,3094.0,4,5,1,17,0,1,2,1,0.58,4.01,2.44,3.97,0.34,104.0
12.940033,77.592265,734.0,1,1,3,0,1,0,1,1,1.96,1.24,1.68,0.93,0.31,65.09
13.113185,77.455866,4458.0,3,4,2,7,0,0,3,0,1.76,2.76,10.09,0.13,0.79,200.29
12.927014,77.744067,4290.0,5,6,2,1,0,1,0,1,1.38,3.65,7.38,0.36,3.2,212.56
13.002504,77.46174,1142.0,2,2,1,14,0,0,2,2,2.73,2.05,2.47,0.61,1.11,47.43
12.904069,77.45444,2957.0,4,4,2,1,1,3,3,0,0.4,5.52,5.09,1.15,1.44,188.28
12.884902,77.651088,507.0,1,1,1,3,1,0,0,1,2.09,3.88,3.63,0.31,0.52,31.57
12.856641,77.526548,3907.0,5,6,2,2,1,1,0,0,0.33,2.25,2.33,1.48,0.3,194.98
12.838545,77.646457,1764.0,3,4,3,2,0,2,1,0,1.74,1.93,2.89,0.43,1.09,108.54
13.045143,77.50867,3399.0,5,5,1,8,0,1,0,1,2.1,1.4,2.43,1.65,0.63,170.12
13.11552,77.525083,3685.0,4,5,2,2,1,1,2,0,0.89,1.95,4.86,2.04,1.26,179.9
12.929109,77.499559,632.0,1,1,1,7,1,1,0,1,0.81,5.31,2.0,0.11,0.47,35.65
12.884397,77.516863,3646.0,4,4,2,2,1,2,0,1,0.75,2.28,2.6,0.22,0.44,193.97
13.026521,77.642818,596.0,1,1,1,2,1,1,0,2,0.9,2.13,7.92,0.71,2.56,41.12
12.878916,77.576826,4404.0,5,6,1,24,1,3,0,2,0.87,1.38,3.35,1.02,0.33,147.09
12.827018,77.589419,3383.0,5,5,1,6,1,1,0,1,0.35,3.2,3.01,0.1,0.34,169.3
13.081806,77.514683,892.0,1,1,2,3,0,1,1,1,0.65,2.94,4.36,0.51,2.28,53.06
12.942433,77.455462,2865.0,5,5,3,12,0,1,3,0,1.54,1.87,6.38,0.19,1.43,150.94
13.082579,77.482459,1889.0,3,4,1,4,0,1,1,2,0.74,1.81,4.68,0.56,0.42,121.12
13.062368,77.590517,1322.0,2,2,1,10,0,0,1,2,0.21,1.26,1.64,4.48,0.54,71.06
12.893899,77.725438,2669.0,3,4,1,3,0,1,0,0,0.66,3.36,3.11,0.79,0.27,121.39
12.943822,77.725685,2048.0,3,3,1,0,0,1,0,1,0.43,3.6,2.21,0.75,0.68,119.0
12.990449,77.53861,767.0,1,1,1,1,0,0,1,2,0.7,0.92,2.53,3.07,1.63,61.64
12.822951,77.538583,1082.0,2,3,1,9,1,2,1,1,0.4,3.62,4.68,0.12,0.73,57.21
13.022424,77.509441,984.0,2,2,1,20,0,3,0,1,1.37,1.88,5.16,0.33,4.16,33.98
13.059661,77.47028,2706.0,3,3,2,0,0,2,0,2,1.33,3.45,3.25,0.19,0.27,153.64
12.977797,77.66726,2246.0,3,3,1,3,1,3,0,0,0.68,2.12,4.57,0.57,0.22,126.43
12.974718,77.735432,4133.0,4,4,2,7,0,2,1,0,2.32,3.86,2.83,1.09,0.44,183.97
12.881941,77.498189,2310.0,3,3,2,34,1,2,1,1,3.7,5.43,3.03,0.17,0.39,74.56
12.853219,77.499995,1803.0,3,4,1,8,1,2,0,1,3.01,1.85,2.85,0.55,0.34,85.51
12.94112,77.529979,1483.0,2,2,1,1,0,0,0,1,0.22,3.96,1.25,1.15,2.26,90.9
12.95249,77.733291,3687.0,5,6,1,2,0,1,2,1,0.41,4.03,2.53,0.31,0.8,212.87
13.050683,77.5788,847.0,1,1,1,0,1,0,2,1,0.81,2.94,2.91,0.49,0.39,57.4
12.99425,77.571632,3077.0,4,5,2,6,1,2,0,1,0.61,1.31,6.16,1.26,3.69,192.02
12.87428,77.463961,4247.0,5,6,3,3,1,1,1,1,2.45,2.44,5.89,1.62,0.75,218.64
12.822075,77.601588,1719.0,5,5,3,24,0,2,3,1,0.42,3.72,3.35,0.61,1.2,76.64
12.947326,77.679595,3227.0,5,6,1,1,0,1,0,2,2.58,5.85,1.95,0.58,0.22,223.12
12.945778,77.525618,2280.0,3,4,1,9,1,1,0,1,0.35,3.11,3.22,0.2,1.39,118.46
13.105095,77.487083,3244.0,5,6,2,9,1,2,0,2,1.42,6.48,3.02,0.4,1.15,150.18
12.850272,77.451365,3331.0,5,5,2,0,1,2,0,0,3.95,2.06,3.6,2.2,2.89,156.02
13.051329,77.472045,4056.0,5,6,2,18,1,3,0,2,0.61,2.2,3.4,0.22,0.22,136.53
12.987839,77.627217,4035.0,5,6,2,0,1,1,3,0,3.28,3.63,1.68,1.66,0.25,347.04
12.94579,77.589618,1622.0,3,3,1,12,0,2,0,2,1.0,2.09,1.8,0.5,1.17,96.86
12.850072,77.561605,1054.0,2,2,1,2,1,3,1,1,1.5,3.94,2.34,1.67,1.1,69.61
13.066357,77.685369,3466.0,4,4,1,8,1,1,0,0,1.57,1.55,3.78,1.28,1.96,136.17
13.090826,77.641444,3691.0,4,5,1,3,1,1,1,0,0.9,1.71,2.53,0.36,6.0,209.01
12.920241,77.642398,3964.0,4,4,2,2,1,1,0,0,2.68,2.93,2.45,0.99,2.08,217.38
12.942467,77.716773,2478.0,3,3,1,5,1,2,0,2,1.7,4.33,2.35,0.58,0.72,137.0
12.89656,77.636675,1159.0,2,2,1,39,0,0,0,1,3.8,5.72,1.61,0.11,0.38,40.37
12.8756,77.595364,2406.0,3,4,1,3,1,1,1,2,0.96,1.48,5.65,0.73,4.04,185.84
12.988311,77.728712,3022.0,4,5,1,4,1,1,1,1,1.02,2.01,6.91,0.81,0.72,186.68
13.05199,77.732818,1567.0,2,2,3,4,1,3,1,1,4.57,1.76,6.74,2.24,3.44,81.01
12.87311,77.640729,709.0,1,1,1,1,1,1,2,2,0.24,1.48,3.05,0.82,0.36,50.74
13.09292,77.74427,2078.0,3,4,1,4,0,2,0,1,1.32,3.22,3.21,1.35,0.21,87.81
12.823377,77.55746,3002.0,4,4,1,14,0,1,1,1,0.57,2.75,5.0,0.66,0.27,125.11
13.063391,77.531449,1773.0,3,3,2,5,1,2,2,1,1.02,1.79,4.37,0.3,0.69,109.26
13.038927,77.565743,4327.0,4,4,1,13,1,1,0,1,0.6,1.79,2.29,0.2,0.76,180.86
12.869696,77.529247,1026.0,2,3,1,7,1,2,0,1,3.42,3.18,4.48,0.28,1.7,58.86
12.92998,77.508609,4185.0,5,5,1,8,1,1,0,0,0.42,3.49,4.39,0.21,0.71,189.55
12.898016,77.523574,1065.0,2,3,1,1,0,3,0,1,1.98,1.74,1.96,1.66,0.57,68.85
12.991533,77.586127,2152.0,3,3,1,18,0,0,0,0,1.71,1.1,1.29,0.22,0.91,84.82
12.964586,77.673685,3803.0,5,6,2,2,1,1,0,0,0.4,2.51,2.96,0.17,0.24,227.55
12.909888,77.470534,3426.0,4,4,1,39,0,0,0,1,2.73,2.05,4.16,0.42,0.7,92.02
12.924513,77.56781,526.0,1,1,1,8,1,1,0,1,1.25,4.39,0.99,0.78,2.12,32.53
13.084488,77.450313,1925.0,3,4,1,0,1,3,0,1,0.24,3.76,4.19,0.21,0.44,98.95
12.993888,77.631209,1466.0,2,3,1,0,1,2,0,2,1.2,2.04,1.48,2.09,0.34,115.51
12.822908,77.721995,1070.0,2,2,1,3,1,1,0,1,0.9,2.21,3.92,1.43,1.37,51.17
13.031035,77.537892,1323.0,2,2,3,5,0,0,0,1,0.67,2.2,1.49,2.4,0.65,78.27
13.055757,77.671231,2918.0,4,5,1,1,0,1,1,2,0.23,3.7,1.91,1.52,0.36,214.12
13.002762,77.665095,2463.0,3,3,1,14,1,0,1,0,1.28,1.11,1.5,3.23,0.7,114.18
12.872997,77.644881,3443.0,5,5,1,3,1,2,0,1,0.35,1.79,4.83,0.35,0.44,202.49
13.117725,77.611664,1492.0,2,3,2,11,0,2,0,2,1.19,2.0,3.2,1.33,0.41,62.68
13.01797,77.730828,1100.0,2,2,2,4,1,1,1,1,1.32,2.31,2.9,0.25,1.38,70.22
13.027812,77.556358,2720.0,3,4,2,6,1,0,1,1,0.77,5.04,4.19,0.81,0.49,174.18
12.923715,77.58757,1283.0,2,2,3,0,1,3,0,2,1.09,2.47,1.84,0.9,0.62,97.77
12.995069,77.594039,4298.0,4,4,3,0,0,1,1,2,0.33,2.78,0.46,0.96,0.52,412.02
12.967098,77.536273,3613.0,5,6,1,1,0,0,2,1,0.54,1.87,0.99,0.69,0.7,271.71
13.032325,77.634828,2356.0,3,4,1,4,1,2,0,1,1.07,1.65,9.83,2.2,0.57,130.57
13.073529,77.743751,3202.0,4,4,3,2,1,1,3,2,2.2,4.0,5.36,0.26,1.94,216.39
13.10071,77.553992,946.0,2,2,1,0,1,2,2,1,1.72,2.61,2.34,2.27,1.42,62.9
13.060004,77.668923,3874.0,4,5,3,2,1,2,0,0,0.29,2.27,4.09,0.68,2.26,199.07
12.847475,77.72557,2999.0,4,4,3,10,0,0,1,1,0.39,4.48,3.42,1.11,3.07,124.51
12.983609,77.58291,2868.0,5,5,3,22,1,2,1,1,0.96,1.79,4.33,0.5,3.46,129.01
13.001925,77.657541,4487.0,5,5,1,2,1,1,0,1,0.97,3.13,1.94,2.33,0.96,267.34
12.831008,77.495681,1625.0,3,3,1,14,0,2,0,1,1.41,4.45,4.69,0.4,1.27,56.51
12.917076,77.516621,1685.0,5,6,3,1,0,1,3,1,1.12,1.68,1.82,0.35,0.78,155.35
13.052793,77.631147,1543.0,2,2,2,0,0,0,0,0,0.42,1.29,3.48,0.59,5.0,91.86
12.914849,77.739872,3059.0,4,5,2,14,1,0,3,0,4.06,3.4,4.07,2.43,0.79,134.81
12.964501,77.724454,3048.0,5,5,1,2,1,1,0,1,0.2,2.91,3.75,0.41,0.8,170.17
13.058566,77.63496,3037.0,5,6,2,4,1,1,1,1,0.91,1.51,1.82,0.18,1.62,202.9
12.838302,77.683855,1947.0,3,4,1,4,1,0,0,0,1.06,1.99,3.14,0.58,0.41,90.9
12.981916,77.694383,2351.0,3,4,1,11,0,1,1,0,0.42,3.32,1.88,0.58,0.91,119.79
13.011585,77.687816,1651.0,3,3,2,2,1,1,1,1,1.51,1.82,3.94,0.43,0.54,120.82
12.828715,77.468537,3920.0,5,5,2,14,1,2,1,2,0.96,3.57,6.0,2.88,0.83,146.37
12.955042,77.645147,2616.0,3,4,1,0,0,2,2,2,0.7,0.68,1.22,1.26,0.88,216.74
12.940773,77.52521,3864.0,4,5,1,0,0,2,0,1,1.45,2.76,1.66,1.83,1.16,234.39
12.876301,77.72729,2105.0,3,4,2,9,1,2,2,0,1.71,2.52,3.11,0.9,3.93,89.15
12.959891,77.6468,2512.0,3,3,1,50,1,2,2,1,1.46,3.49,1.09,0.44,2.29,93.2
12.845073,77.681036,3503.0,5,5,2,5,1,2,1,0,0.46,2.19,3.8,0.71,1.84,190.95
12.99601,77.678836,667.0,1,1,1,12,0,0,2,0,1.63,1.74,5.19,0.38,0.21,29.89
12.995023,77.557382,3533.0,5,5,1,3,1,0,0,2,1.73,0.63,2.53,0.37,1.64,255.48
12.860311,77.602556,1222.0,2,3,3,2,1,0,1,0,0.52,2.39,2.26,0.67,0.37,83.86
13.047781,77.477718,2064.0,3,4,1,5,1,1,2,1,1.16,2.84,3.21,2.48,1.7,105.32
13.074863,77.574319,2453.0,3,3,2,2,0,1,0,2,1.75,1.56,1.76,1.1,0.39,136.57
12.892855,77.55857,4423.0,5,6,1,1,1,2,0,1,0.6,1.82,2.23,0.16,1.32,281.71
12.913064,77.741653,997.0,2,2,2,13,1,3,1,0,3.08,2.8,3.39,0.6,1.37,46.42
12.883696,77.720058,2243.0,3,3,1,3,1,2,1,1,0.41,1.69,5.03,0.19,0.29,126.38
12.95138,77.595579,1367.0,2,2,1,1,1,2,1,0,1.02,1.06,5.96,0.29,0.93,118.18
12.988653,77.723306,2712.0,4,5,2,2,1,0,3,0,1.11,1.53,4.27,0.88,0.41,197.93
13.037697,77.603431,1969.0,3,3,2,8,1,0,0,1,2.86,0.89,9.21,2.48,0.28,110.62
12.93054,77.698013,3491.0,5,5,1,0,0,0,0,1,0.61,3.53,2.13,0.14,0.7,210.72
12.956872,77.692671,1030.0,2,3,1,2,0,3,0,2,1.43,1.56,2.89,1.33,2.33,71.0
12.996254,77.519245,2385.0,3,3,1,14,0,1,0,1,2.66,1.12,1.71,1.03,0.63,100.34
12.868911,77.520281,3286.0,5,5,1,1,1,3,0,0,0.44,2.18,2.89,1.35,0.91,166.68
13.043298,77.563666,736.0,1,1,1,0,0,1,0,2,0.81,0.89,3.96,0.25,0.24,53.81
13.053781,77.688749,4134.0,5,5,1,4,1,1,0,0,2.48,3.21,2.67,0.24,2.74,201.24
12.905227,77.585876,3692.0,4,4,2,4,1,1,1,1,3.96,3.53,3.21,0.38,2.65,249.52
13.061843,77.720077,1949.0,3,4,1,8,1,0,0,0,0.41,2.5,5.76,3.58,0.58,80.59
12.974989,77.73092,2211.0,3,4,1,18,1,3,0,1,0.58,2.24,5.89,0.46,1.12,69.15
12.838482,77.568198,2351.0,3,4,1,3,0,0,0,1,1.24,5.94,2.39,0.67,0.6,123.38
12.828793,77.538508,775.0,1,1,1,4,0,1,0,2,0.78,4.41,8.7,0.56,0.7,41.35
12.949672,77.610205,4123.0,4,5,3,12,1,1,1,0,2.13,0.93,0.79,0.1,0.8,239.88
12.988073,77.501012,3196.0,5,5,2,5,0,1,1,1,0.42,2.93,4.19,0.6,1.45,214.86
12.863083,77.734453,2123.0,3,4,3,11,1,1,1,1,1.85,3.33,4.99,0.11,0.57,95.45
12.824403,77.454493,1695.0,3,3,2,3,1,2,1,2,3.41,4.99,5.23,0.43,1.71,97.54
13.117181,77.518852,1329.0,3,3,2,0,1,2,3,0,1.78,2.47,5.81,0.14,1.61,98.1
12.964651,77.691391,2837.0,4,4,1,6,0,3,0,1,1.35,1.73,2.48,1.05,2.98,146.24
13.05212,77.471362,1550.0,2,2,1,5,0,0,0,0,1.07,2.88,7.09,0.93,0.74,72.92
13.057065,77.504603,1143.0,2,2,1,12,1,2,0,1,5.36,2.51,2.26,1.51,0.49,49.57
13.108732,77.653639,4287.0,5,6,1,10,1,2,0,1,6.43,7.52,6.33,0.78,0.71,171.84
12.825237,77.519352,783.0,1,1,1,1,0,1,0,2,2.07,2.49,2.96,4.61,1.75,37.96
13.068604,77.648781,2863.0,5,5,1,5,1,2,0,2,0.27,2.51,5.42,0.63,0.28,170.1
12.921222,77.491083,1368.0,2,3,2,9,1,0,0,1,0.46,4.88,2.23,0.37,0.93,65.39
12.884559,77.62433,1984.0,3,3,2,6,1,1,0,1,0.75,5.15,1.63,1.0,2.42,113.01
12.876812,77.533378,1584.0,2,2,2,10,1,0,0,2,1.57,3.91,1.94,0.12,0.67,73.38
12.989115,77.719805,1497.0,4,5,3,3,0,3,3,2,1.32,2.27,7.07,0.2,0.44,127.93
12.951781,77.52795,2504.0,3,3,1,0,1,1,0,1,2.36,4.11,4.25,0.19,0.46,157.64
12.912653,77.477182,3601.0,5,5,2,22,0,0,1,0,1.5,1.94,2.67,0.42,0.51,114.34
12.953645,77.598329,1933.0,3,4,3,10,1,2,1,1,0.52,1.53,1.83,0.63,1.0,131.29
12.991237,77.659252,2522.0,3,4,1,29,0,3,0,1,0.9,1.04,2.3,1.52,3.21,84.11
12.927772,77.625598,847.0,1,1,1,7,0,0,0,2,0.62,0.64,3.93,0.58,0.59,51.62
13.067221,77.481984,2500.0,3,3,1,1,0,1,0,1,0.43,3.02,3.59,1.71,0.23,127.14
13.050485,77.672446,4158.0,5,5,2,5,0,0,1,1,0.53,1.38,2.37,0.26,0.23,270.76
12.824067,77.665425,3058.0,5,5,3,8,1,0,1,0,2.72,5.19,4.65,0.44,2.44,143.46
12.990413,77.474519,2736.0,4,5,2,11,0,2,3,0,0.2,3.44,9.56,1.43,0.82,154.09
12.944554,77.60208,3861.0,5,6,2,6,0,2,0,0,1.33,2.13,1.55,0.32,2.3,231.04
13.091557,77.690121,4000.0,5,6,3,2,1,1,2,1,0.27,7.45,4.13,0.75,1.27,219.59
12.831219,77.628293,3521.0,5,5,3,1,1,1,1,0,2.31,2.33,4.01,1.12,0.48,194.87
13.113229,77.629867,4480.0,5,6,1,6,1,2,0,0,0.94,2.84,3.03,0.12,1.18,190.34
13.022286,77.668703,4014.0,4,5,1,17,0,2,0,1,2.27,2.0,4.85,0.83,1.35,149.61
12.891301,77.631784,4439.0,4,5,2,9,0,0,0,1,0.61,4.68,5.11,0.47,0.27,217.5
13.088057,77.701024,1831.0,3,3,1,5,1,1,0,2,0.56,2.42,3.63,0.21,0.81,98.54
13.070018,77.568069,4361.0,5,5,3,5,1,1,3,0,0.38,2.21,2.2,0.26,0.27,309.31
12.949833,77.632593,4251.0,5,6,1,17,0,1,0,1,0.32,0.5,1.71,0.27,0.22,175.62
13.025594,77.470325,2376.0,3,3,2,2,1,2,3,1,0.49,4.33,3.22,2.72,1.48,171.51
13.040106,77.588029,1959.0,5,6,3,18,1,2,3,1,0.65,1.94,1.32,1.01,1.49,114.61
12.899719,77.450137,4368.0,5,5,1,3,1,1,0,1,1.45,2.66,8.87,0.17,0.63,208.42
12.826676,77.554087,3165.0,5,5,1,27,1,0,0,1,5.17,1.7,4.67,0.33,0.24,88.03
13.102165,77.44813,3883.0,4,4,1,2,1,1,2,0,3.33,2.29,8.78,2.13,0.26,160.54
13.065543,77.628073,1350.0,5,6,3,7,1,0,3,0,2.13,2.42,12.0,0.59,1.58,112.27
13.11903,77.658566,3321.0,5,5,1,0,1,1,0,1,0.99,7.52,6.4,0.46,0.25,186.64
13.09497,77.690788,1462.0,2,2,2,19,1,1,0,0,0.64,7.34,3.18,2.55,0.26,38.86
12.981233,77.587963,3679.0,4,5,2,2,1,1,0,1,4.57,0.3,3.21,0.39,1.0,261.62
13.005634,77.550741,2833.0,4,4,2,50,0,2,1,0,0.82,2.63,7.14,0.59,1.97,113.39
13.083642,77.512745,571.0,1,1,1,9,1,0,1,1,0.96,2.1,4.05,0.95,1.67,30.28
13.044055,77.624429,2438.0,3,4,3,4,0,1,3,2,2.18,1.07,7.65,0.75,0.4,209.59
12.999053,77.6345,2741.0,3,4,2,12,0,2,1,2,2.58,3.89,1.18,0.21,3.91,178.67
13.089571,77.710513,3772.0,5,6,2,3,1,1,2,1,1.38,2.32,8.99,0.85,0.71,200.07
12.940222,77.689939,2159.0,3,3,1,12,0,2,1,1,0.61,5.26,4.78,1.06,0.29,104.53
12.989391,77.500823,3097.0,4,4,1,3,1,2,0,1,0.77,1.56,5.52,5.0,1.31,171.61
13.01959,77.664638,1966.0,3,3,1,9,1,2,1,1,4.53,1.39,3.66,0.5,1.33,121.54
13.119732,77.663271,2634.0,3,4,2,4,0,1,0,2,0.22,2.92,3.98,0.7,3.85,135.83
12.870114,77.555265,1634.0,3,3,1,6,1,2,0,0,0.37,3.08,2.84,0.38,0.25,85.92
12.928231,77.520054,934.0,2,2,1,0,0,2,0,1,3.52,2.42,2.11,0.33,0.21,64.07
12.862918,77.62825,3394.0,5,6,3,0,0,0,1,1,1.81,1.84,4.76,0.55,0.8,241.77
13.035509,77.526651,2858.0,4,4,2,3,1,1,2,0,2.57,1.4,6.64,0.83,5.04,168.17
12.859569,77.692593,1622.0,3,3,2,0,1,2,1,0,3.87,1.72,4.09,0.55,0.6,101.25
12.990396,77.588312,1689.0,3,3,2,18,1,1,2,0,2.61,0.75,0.64,0.56,0.71,78.62
12.996616,77.669596,1983.0,3,3,1,28,1,0,0,1,0.31,1.25,1.37,1.08,2.1,67.27
13.100157,77.62169,1973.0,3,4,1,18,1,3,0,1,2.99,1.66,5.31,0.52,4.89,65.77
12.987751,77.603532,3485.0,4,5,2,5,1,1,0,1,1.42,1.23,0.34,0.43,0.4,245.07
12.838611,77.613741,2013.0,3,3,1,20,1,1,0,1,0.23,2.04,4.21,1.87,0.5,58.48
12.999836,77.684902,684.0,4,4,2,3,1,1,3,2,3.0,5.94,3.45,1.56,0.94,73.97
12.979007,77.611125,1267.0,2,3,1,25,1,1,0,1,1.87,0.66,1.82,1.9,0.84,51.18
12.885937,77.466848,1052.0,2,2,1,9,1,3,0,1,2.43,2.94,3.39,2.28,0.77,47.33
12.955434,77.614045,1869.0,3,4,2,9,1,1,1,1,0.56,0.39,1.38,0.6,0.5,142.21
12.843665,77.511424,3322.0,5,5,3,7,0,0,0,1,0.39,5.56,2.72,0.49,0.46,155.9
12.91417,77.742168,2351.0,3,4,2,16,0,0,0,2,1.84,1.94,2.84,0.12,0.25,78.64
12.841102,77.555264,4230.0,4,5,2,6,1,1,1,1,1.92,6.9,2.34,0.37,0.42,218.42
12.894298,77.648233,1716.0,3,4,1,4,1,1,0,2,0.43,2.55,2.37,1.63,1.61,106.77
12.930861,77.50758,1395.0,2,2,1,4,0,2,1,0,1.87,1.17,3.49,0.11,1.98,87.98
12.976249,77.523048,2589.0,3,3,1,11,0,0,1,1,1.03,0.85,1.54,2.28,3.97,143.72
12.89726,77.522755,1604.0,3,4,2,7,1,1,1,1,0.88,1.47,2.14,0.1,0.56,108.83
13.059849,77.50534,2642.0,3,3,2,10,0,0,0,1,0.21,3.27,2.83,1.34,0.61,110.2
12.860809,77.496612,4404.0,5,6,1,0,1,1,1,0,0.28,5.91,10.16,0.17,0.54,259.61
13.054517,77.623378,2168.0,3,3,2,9,1,1,0,1,1.65,1.31,2.47,0.65,0.26,117.06
12.860173,77.653838,3417.0,4,4,2,5,0,1,1,1,0.74,1.84,3.37,2.81,1.06,196.62
13.016864,77.587174,859.0,1,1,1,2,0,1,0,2,0.37,2.2,2.79,3.19,1.44,57.18
13.078798,77.475942,3832.0,4,5,1,13,1,2,0,1,0.7,1.92,3.9,0.17,3.69,128.62
13.047651,77.602131,3651.0,4,4,3,10,0,2,0,1,2.35,1.63,7.16,0.17,0.77,175.46
12.943147,77.507774,2518.0,3,4,1,13,1,0,1,0,0.32,3.69,2.29,0.86,0.37,114.11
12.886381,77.482956,1836.0,3,4,2,8,1,2,2,1,0.97,2.34,5.63,0.31,0.21,95.65
12.882339,77.711635,1989.0,3,4,3,0,1,2,1,1,4.45,3.31,2.43,0.62,0.74,128.99
13.098563,77.686103,2774.0,3,3,1,7,1,1,2,2,0.27,3.07,6.1,0.62,0.2,132.42
12.918731,77.734398,2878.0,5,5,2,2,0,3,0,1,1.97,2.0,2.59,1.76,2.16,149.33
13.032319,77.61172,1751.0,3,3,2,3,0,2,1,1,0.39,1.99,2.98,0.27,0.7,138.5
12.895585,77.645108,4179.0,4,5,1,9,1,1,0,2,1.19,1.54,2.43,1.04,2.57,194.27
12.993009,77.520719,3385.0,4,4,1,16,1,1,1,1,1.64,1.28,2.75,0.71,0.35,160.58
12.916036,77.460305,834.0,1,1,1,9,0,1,0,2,1.06,3.27,8.18,0.33,2.28,39.32
13.022725,77.72398,4349.0,4,4,1,0,0,2,0,2,2.42,2.45,2.45,1.08,0.87,228.99
12.826302,77.569999,3583.0,5,6,3,27,0,2,1,2,0.36,5.92,3.57,0.4,0.87,126.75
12.872116,77.674849,4256.0,5,6,3,3,1,1,0,1,0.42,3.3,4.64,0.17,2.18,233.22
12.831621,77.471925,1676.0,3,4,1,2,0,3,0,1,0.26,2.58,4.43,0.52,0.52,83.15
13.067349,77.743444,4480.0,4,4,1,5,0,2,0,1,1.96,3.68,5.33,1.16,0.84,172.89
12.982589,77.731995,4193.0,4,5,1,16,0,2,2,1,1.79,1.66,5.04,0.71,0.55,148.99
13.014086,77.507446,1462.0,2,2,2,4,1,3,0,1,0.35,5.76,2.41,0.93,0.24,88.4
13.014079,77.637666,1599.0,2,3,2,10,1,3,0,2,0.78,1.55,1.53,0.96,0.65,92.08
12.858065,77.479521,529.0,1,1,1,5,0,1,1,0,2.03,4.28,2.98,1.18,0.77,26.9
13.008015,77.498145,3472.0,5,6,1,18,1,0,0,2,0.72,2.42,2.14,0.15,1.18,127.06
13.008346,77.507762,4415.0,5,5,3,2,0,1,1,2,0.67,1.36,3.35,0.77,0.68,326.65
12.892884,77.605237,2093.0,3,4,2,3,1,0,0,1,0.45,2.15,3.75,1.32,0.56,123.78
13.00789,77.690444,4084.0,4,5,3,2,1,0,1,2,7.63,1.41,1.74,0.36,2.0,294.13
12.83867,77.460348,1701.0,3,3,1,0,1,1,0,1,0.58,2.6,6.43,0.11,1.21,88.72
12.911114,77.641878,2064.0,3,3,1,6,1,2,1,0,0.59,1.24,5.0,0.25,0.75,129.55
13.053591,77.586912,3976.0,5,5,3,32,0,1,0,1,2.97,2.18,2.19,1.51,0.71,115.13
13.067922,77.608358,1326.0,2,2,1,3,1,2,0,1,1.11,3.22,4.21,0.97,0.48,82.78
12.952483,77.457863,4495.0,5,6,1,27,1,0,2,1,0.47,5.91,3.0,0.56,1.43,134.71
12.916982,77.610749,3358.0,4,4,2,2,0,1,2,0,0.35,0.69,3.27,0.93,0.53,217.98
13.105102,77.740901,2465.0,3,3,1,0,1,0,0,0,1.78,3.81,3.51,0.92,1.68,113.86
12.825569,77.649943,1884.0,5,5,2,11,1,0,3,1,0.56,3.48,7.23,0.43,0.9,112.75
12.868883,77.621694,1678.0,4,5,3,12,0,1,3,2,0.89,3.95,3.4,1.13,0.4,114.85
12.942824,77.640691,943.0,2,2,1,11,1,1,0,1,0.87,2.72,1.73,0.32,1.51,51.62
13.116013,77.549446,1549.0,2,3,2,4,1,3,0,1,1.84,2.62,2.98,0.28,0.75,81.47
13.003121,77.651189,3112.0,4,5,1,31,1,1,0,1,0.65,7.71,2.12,0.9,0.34,108.29
12.902363,77.579184,1051.0,2,3,1,14,1,0,0,1,1.39,1.79,5.15,1.59,0.55,49.06
12.851447,77.691429,2740.0,3,3,1,7,0,1,0,1,1.93,2.14,3.61,1.05,0.28,113.37
12.998413,77.649869,3472.0,5,5,3,4,1,2,0,0,1.02,4.67,4.98,1.33,0.55,194.78
12.888769,77.577775,1329.0,2,2,1,11,1,1,1,1,0.57,1.43,2.74,0.55,1.24,75.92
12.890765,77.585543,2624.0,3,4,1,3,1,1,2,0,1.58,1.36,3.22,1.61,0.71,160.21
12.867924,77.691434,2863.0,4,4,3,12,0,1,1,0,0.85,2.02,2.47,0.73,2.4,125.92
12.896504,77.616675,3911.0,4,4,1,12,1,1,0,2,0.27,1.63,1.87,5.0,0.57,173.32
13.02447,77.546875,937.0,2,3,1,1,0,1,0,0,0.25,2.15,4.65,0.48,1.55,65.23
12.934295,77.486918,4458.0,5,5,3,1,1,0,3,1,1.9,1.41,5.14,0.75,1.37,382.27
12.846704,77.714967,1557.0,2,3,2,5,1,1,0,0,2.35,2.1,5.85,0.63,0.8,68.22
12.974363,77.728115,1785.0,3,3,2,13,1,2,2,1,1.2,4.41,5.27,0.2,2.09,77.25
12.897709,77.705531,3945.0,5,5,1,1,1,2,0,0,1.08,3.39,3.01,0.13,2.55,199.86
13.105981,77.616165,873.0,1,1,1,2,0,0,2,0,1.82,2.58,2.77,0.43,2.19,45.96
12.980106,77.73304,2697.0,3,4,2,2,1,0,0,0,0.56,5.34,2.5,0.41,0.26,138.6
13.088979,77.635362,1766.0,3,3,2,15,1,2,0,0,0.74,1.75,6.82,0.39,0.71,66.1
12.909607,77.690339,3084.0,4,5,1,11,0,1,0,0,0.85,5.21,6.22,1.11,2.36,119.21
12.935933,77.628714,1305.0,2,2,2,5,1,2,1,2,0.23,1.27,2.16,1.01,0.54,98.3
12.93598,77.594882,963.0,2,3,1,0,1,0,0,2,2.22,1.11,1.99,1.88,2.65,77.74
12.834678,77.536223,2967.0,4,5,1,1,1,1,2,1,0.25,2.02,3.14,0.87,0.96,167.03
12.870872,77.515639,2556.0,3,3,1,1,0,2,1,0,0.91,3.4,2.46,0.37,2.2,162.3
12.835081,77.495027,1542.0,4,4,3,5,1,3,3,2,1.5,2.47,3.66,0.82,0.27,112.76
12.880644,77.449368,3727.0,4,4,1,8,1,0,1,1,1.95,2.14,5.33,1.24,0.26,157.78
13.113781,77.502615,2318.0,3,4,3,9,0,1,1,0,0.97,2.76,5.02,0.88,1.23,105.16
12.909384,77.5413,4294.0,5,5,1,1,0,2,1,1,2.81,2.79,1.42,0.55,1.6,327.09
13.102361,77.704893,1833.0,3,3,1,0,1,2,2,2,1.42,2.77,4.78,1.08,2.44,112.07
12.975896,77.684148,2845.0,5,5,1,1,1,1,0,0,1.56,1.5,2.94,1.1,1.5,175.64
13.082843,77.705632,3747.0,4,4,1,38,1,0,0,1,2.67,2.11,3.75,0.21,0.7,94.01
12.930688,77.556639,715.0,1,1,1,5,0,0,2,1,0.24,0.78,6.98,2.36,0.42,43.53
12.893761,77.599264,2971.0,5,6,1,4,1,1,0,1,0.45,3.33,1.55,0.32,0.48,190.41
12.881305,77.680688,1521.0,2,2,2,0,1,1,1,2,0.32,1.65,2.08,0.82,2.38,113.64
13.116212,77.46351,1607.0,3,3,3,2,1,2,0,2,1.9,3.39,3.45,0.71,0.64,87.58
13.049039,77.717784,2764.0,3,3,3,0,1,0,1,1,1.39,8.09,3.3,0.42,1.18,180.3
13.102632,77.685537,898.0,1,1,1,1,0,0,0,0,0.42,1.76,4.92,0.19,0.48,41.55
12.989714,77.563987,4424.0,4,4,2,2,1,1,0,1,1.19,2.94,2.7,0.97,0.95,277.57
12.942203,77.731795,3846.0,4,5,2,4,1,2,1,1,2.78,2.96,2.53,0.2,0.25,225.08
12.894466,77.664915,1369.0,2,3,1,10,0,1,0,0,2.53,2.5,3.03,1.19,1.89,60.19
12.953602,77.55839,1848.0,3,3,2,5,0,0,1,1,0.53,3.38,5.31,1.5,0.61,127.69
12.986347,77.661156,4037.0,5,5,1,14,1,2,1,0,3.9,1.81,5.52,2.85,2.08,180.24
